#time,x,y,location_type,rank,incubation_time
-20,-0.3008965735475134,51.5449692261926,house,0,7
-20,-0.28709419199687886,51.560932526342235,house,0,7
-20,-0.2181501862911691,51.54257300806521,house,0,4
-20,-0.24686908878855296,51.55303417438717,house,0,6
-20,-0.2817506982545051,51.55089731018988,house,0,3
-20,-0.3051288329171491,51.57502360787818,house,0,3
-20,-0.3094012625104876,51.58088873480657,house,0,1
-20,-0.2834375664375864,51.53352832695987,house,0,7
-20,-0.3280011770509423,51.554064784321646,house,0,1
-20,-0.24165302104016534,51.552932076392246,house,0,2
-20,-0.3004793102903237,51.55158869508523,house,0,5
-20,-0.28795751396141356,51.55961963052299,house,0,3
-20,-0.22312300497110485,51.544477051596765,house,0,3
-20,-0.20686406716957897,51.55138644351819,house,0,3
-20,-0.2554861898280621,51.56436563290534,house,0,8
-20,-0.2771829675900449,51.59642003109734,house,0,3
-20,-0.19175974986981886,51.53872643294877,house,0,2
-20,-0.29151709799356695,51.53796995627672,house,0,3
-20,-0.30253514845085977,51.569689916502476,house,0,4
-20,-0.2636864415282746,51.57618489332738,house,0,3
-20,-0.2562509890025993,51.56461718767811,house,0,3
-20,-0.28900198858484305,51.59662349431161,house,0,5
-20,-0.329349648209317,51.55505297528011,house,0,1
-20,-0.22616363925833805,51.55491496845281,house,0,8
-20,-0.28273087960279286,51.59696574404822,house,0,8
-19,-0.3091835469966654,51.567096511073906,house,0,2
-19,-0.22400648275440432,51.53407237699747,house,0,5
-19,-0.3046098455938635,51.55959282447622,house,0,1
-19,-0.1922635653746173,51.535780571352724,house,0,4
-19,-0.2813812805095664,51.569294934742906,house,0,3
-19,-0.2285955805436606,51.54445190896873,house,0,4
-19,-0.2642159543334527,51.587647270814074,house,0,2
-19,-0.2875661990105139,51.57259958770554,house,0,4
-19,-0.2792995228912661,51.59219772124248,house,0,3
-19,-0.2879949717755491,51.52722408286747,house,0,6
-19,-0.2575051712403712,51.57757555767622,house,0,7
-19,-0.2187210912445737,51.550821660460485,house,0,4
-19,-0.2815870151205844,51.56788762436902,house,0,4
-19,-0.22983687122725774,51.543564647860535,house,0,3
-19,-0.3262167878373969,51.58082461960247,house,0,4
-19,-0.3029463854261432,51.55251310321749,house,0,1
-19,-0.27791274637380525,51.592370341392,house,0,4
-19,-0.26473783150716235,51.57713381691778,house,0,5
-19,-0.2865261047952234,51.526685721045,house,0,5
-19,-0.2895851122343527,51.55902718683801,house,0,3
-19,-0.29295383807061,51.575591381286394,house,0,3
-19,-0.2704154283405612,51.60054351540237,house,0,2
-19,-0.3048619443729187,51.56017792150214,house,0,4
-19,-0.26292234710597295,51.59145210571891,house,0,6
-19,-0.21725414153568598,51.54626244340077,house,0,6
-19,-0.3094012625104876,51.58088873480657,house,0,7
-19,-0.3094012625104876,51.58088873480657,house,0,8
-18,-0.25521184869046726,51.58804074393221,house,0,7
-18,-0.2622979954604201,51.591069578143404,house,0,4
-18,-0.2911016923230401,51.5801898360584,house,0,3
-18,-0.2499504825007141,51.56437587391869,house,0,5
-18,-0.28036235606424326,51.59173749528496,house,0,3
-18,-0.3251546809572025,51.559673555636806,house,0,1
-18,-0.2358044724118915,51.53042797363966,house,0,7
-18,-0.30328767971743653,51.57156442935864,house,0,2
-18,-0.3179524093065445,51.56200295963393,house,0,7
-18,-0.3097291493921659,51.58755717461691,house,0,3
-18,-0.2861273888197732,51.57013607655936,house,0,4
-18,-0.23717239419582456,51.56525579190264,house,0,3
-18,-0.20665329863378418,51.53192225576838,house,0,1
-18,-0.23436495101247434,51.55002187694803,house,0,7
-18,-0.2592034477831673,51.58807660742361,house,0,1
-18,-0.26333829461955605,51.54216023025171,house,0,6
-18,-0.2964833159987287,51.560945231039085,house,0,6
-18,-0.2604730394597372,51.58669883562204,house,0,6
-18,-0.20485451381045564,51.54520572091433,house,0,4
-18,-0.28920116227378023,51.54539863056857,house,0,2
-18,-0.2669178446434486,51.57607408694856,house,0,6
-18,-0.26176054689116196,51.59706144087955,house,0,3
-18,-0.25490074596177326,51.585882518168965,house,0,6
-18,-0.19507581921193745,51.52579057476384,house,0,3
-18,-0.28573686540341364,51.597397969890245,house,0,2
-18,-0.3046098455938635,51.55959282447622,house,0,3
-18,-0.24165302104016534,51.552932076392246,house,0,4
-18,-0.3280011770509423,51.554064784321646,house,0,4
-18,-0.3280011770509423,51.554064784321646,house,0,5
-18,-0.329349648209317,51.55505297528011,house,0,9
-17,-0.286859202402396,51.58096903643411,house,0,4
-17,-0.2119156895914608,51.52949458024777,house,0,5
-17,-0.28831783562037455,51.58470169237986,house,0,3
-17,-0.29537631497753847,51.54659342221225,house,0,5
-17,-0.30459826619195074,51.56871798300173,house,0,6
-17,-0.26479270541477784,51.54725576783049,house,0,3
-17,-0.2276862348615841,51.54327371153227,house,0,4
-17,-0.2326546608888695,51.56042820134117,house,0,6
-17,-0.23920555923057915,51.552488369783696,house,0,4
-17,-0.2921665412310763,51.55058433330809,house,0,2
-17,-0.25404670223616826,51.54038042111709,house,0,4
-17,-0.33394526385910306,51.552975317752086,house,0,2
-17,-0.22631942126132787,51.54534179801542,house,0,1
-17,-0.24531673029176412,51.53517782146642,house,0,1
-17,-0.2809613623752523,51.53527256865903,house,0,10
-17,-0.2817369144075565,51.56906454846436,house,0,5
-17,-0.24733205724614177,51.54294258143825,house,0,5
-17,-0.2941709492173438,51.5641878297187,house,0,4
-17,-0.29381098554182383,51.565729155747334,house,0,5
-17,-0.2659040201470107,51.59162622262965,house,0,2
-17,-0.30772114965896047,51.58507323696619,house,0,7
-17,-0.3043567912543561,51.58788002686443,house,0,1
-17,-0.252390764681003,51.545775340554854,house,0,3
-17,-0.2579231732694859,51.56135664021621,house,0,3
-17,-0.3062236586285387,51.56567456283603,house,0,2
-17,-0.2562509890025993,51.56461718767811,house,0,4
-17,-0.3091835469966654,51.567096511073906,house,0,5
-17,-0.3046098455938635,51.55959282447622,house,0,2
-17,-0.2642159543334527,51.587647270814074,house,0,3
-17,-0.22312300497110485,51.544477051596765,house,0,5
-17,-0.22312300497110485,51.544477051596765,house,0,6
-17,-0.20665329863378418,51.53192225576838,house,0,3
-16,-0.28868110326749047,51.595720194664544,house,0,7
-16,-0.2804617069059705,51.59081275826278,house,0,5
-16,-0.2213605363663662,51.552562366673484,house,0,3
-16,-0.26504424943976373,51.545028859266274,house,0,1
-16,-0.27838107762572306,51.59658188333076,house,0,7
-16,-0.1964739758949368,51.528799283620145,house,0,1
-16,-0.24735501405463323,51.58758603081152,house,0,3
-16,-0.29300387070107686,51.59213259467942,house,0,2
-16,-0.1932993471125803,51.531783849175156,house,0,1
-16,-0.27935433841476914,51.586809760397905,house,0,4
-16,-0.19291081236669946,51.531832193442064,house,0,3
-16,-0.3189797299342543,51.582320235076004,house,0,3
-16,-0.2471229216756624,51.545024358415375,house,0,5
-16,-0.2447604734145149,51.554708677509794,house,0,4
-16,-0.30207779756116826,51.579569400903154,house,0,2
-16,-0.29217228685337904,51.55119685295814,house,0,1
-16,-0.2554151275198285,51.58306108532776,house,0,2
-16,-0.2216298871435305,51.54110042180712,house,0,6
-16,-0.2747344845539966,51.59589292202414,house,0,4
-16,-0.24234739345612272,51.53907658982097,house,0,4
-16,-0.2794333884992739,51.551927946463685,house,0,3
-16,-0.2478475857331598,51.54170053452253,house,0,7
-16,-0.2756037575951846,51.5813253784608,house,0,8
-16,-0.3021932786272339,51.580970917187834,house,0,4
-16,-0.1953523865750678,51.52445090493357,house,0,8
-16,-0.29151709799356695,51.53796995627672,house,0,6
-16,-0.2895851122343527,51.55902718683801,house,0,7
-16,-0.2895851122343527,51.55902718683801,house,0,1
-16,-0.3046098455938635,51.55959282447622,house,0,1
-16,-0.2771829675900449,51.59642003109734,house,0,7
-16,-0.2704154283405612,51.60054351540237,house,0,6
-16,-0.3043567912543561,51.58788002686443,house,0,3
-16,-0.28573686540341364,51.597397969890245,house,0,4
-16,-0.22631942126132787,51.54534179801542,house,0,2
-16,-0.22631942126132787,51.54534179801542,house,0,3
-15,-0.24733205724614177,51.54294258143825,house,0,6
-15,-0.25784888401094586,51.58624515112181,house,0,4
-15,-0.30650695623484797,51.569029213158494,house,0,5
-15,-0.26331805943441544,51.5317823411212,house,0,1
-15,-0.19523094989828463,51.52857183221319,house,0,3
-15,-0.26868935802200905,51.603100102615116,house,0,1
-15,-0.2647771824217142,51.58473692405164,house,0,2
-15,-0.29516519397532526,51.549235449450244,house,0,2
-15,-0.3307606825352657,51.55248388991275,house,0,3
-15,-0.31236069811857803,51.551211558316126,house,0,1
-15,-0.22286391266306008,51.56279391484447,house,0,2
-15,-0.21837707590247082,51.55796776396055,house,0,1
-15,-0.2271035785934689,51.539848939765164,house,0,1
-15,-0.24343559194169334,51.53304776935846,house,0,4
-15,-0.3169254485322144,51.578601660941125,house,0,1
-15,-0.3064083596950629,51.572261932962235,house,0,8
-15,-0.20419669595819961,51.55017067719008,house,0,2
-15,-0.2621802858199696,51.53248057523725,house,0,4
-15,-0.2648472812614332,51.55061928237981,house,0,1
-15,-0.238856028447066,51.57512978293375,house,0,2
-15,-0.28905191513499945,51.56120140269236,house,0,4
-15,-0.2986156019812692,51.57029602332805,house,0,4
-15,-0.28416393254795785,51.563183729380775,house,0,4
-15,-0.22097664857109123,51.5559458025334,house,0,4
-15,-0.26476453548127443,51.58290415606496,house,0,2
-15,-0.25448075701845546,51.548124015107355,office,0,4
-15,-0.29295383807061,51.575591381286394,house,0,8
-15,-0.2636864415282746,51.57618489332738,house,0,4
-15,-0.3062236586285387,51.56567456283603,house,0,2
-15,-0.28795751396141356,51.55961963052299,house,0,4
-15,-0.2895851122343527,51.55902718683801,house,0,6
-15,-0.2895851122343527,51.55902718683801,house,0,5
-15,-0.28920116227378023,51.54539863056857,house,0,3
-15,-0.2921665412310763,51.55058433330809,house,0,6
-15,-0.28573686540341364,51.597397969890245,house,0,8
-15,-0.28900198858484305,51.59662349431161,house,0,1
-15,-0.27791274637380525,51.592370341392,house,0,5
-15,-0.2659040201470107,51.59162622262965,house,0,2
-15,-0.2592034477831673,51.58807660742361,house,0,8
-15,-0.2187210912445737,51.550821660460485,house,0,4
-15,-0.2187210912445737,51.550821660460485,house,0,6
-15,-0.23717239419582456,51.56525579190264,house,0,5
-15,-0.23717239419582456,51.56525579190264,house,0,6
-15,-0.22631942126132787,51.54534179801542,house,0,5
-15,-0.22631942126132787,51.54534179801542,house,0,4
-15,-0.22312300497110485,51.544477051596765,house,0,2
-15,-0.26504424943976373,51.545028859266274,house,0,7
-15,-0.33394526385910306,51.552975317752086,house,0,4
-15,-0.20665329863378418,51.53192225576838,house,0,4
-15,-0.20665329863378418,51.53192225576838,house,0,3
-14,-0.2931417675462023,51.56556045859849,house,0,5
-14,-0.25495058251279895,51.59103872823866,house,0,4
-14,-0.26731630767788567,51.598930534638825,house,0,4
-14,-0.25712655378702387,51.58716217333488,house,0,4
-14,-0.24813577315992252,51.56455501082781,house,0,5
-14,-0.2871493322029634,51.581581663058415,house,0,3
-14,-0.2564838134669535,51.54990534852544,house,0,3
-14,-0.31601101020522826,51.55668561501665,house,0,2
-14,-0.21711907291223115,51.55055478284619,house,0,6
-14,-0.29322110517774,51.54580242841453,house,0,6
-14,-0.28944379343154325,51.58417038338582,house,0,4
-14,-0.2356130929902545,51.5471640984755,house,0,6
-14,-0.23462848155565674,51.560640211116876,house,0,2
-14,-0.2925245000205092,51.57861345467654,house,0,6
-14,-0.237272619869796,51.54062251467054,house,0,1
-14,-0.22955870310391888,51.5414062022791,house,0,1
-14,-0.27645083881283933,51.546624949008134,house,0,2
-14,-0.23372413551600418,51.55290698773534,house,0,1
-14,-0.26493418872240526,51.57164053284862,house,0,4
-14,-0.27041611578583247,51.551137946632714,house,0,3
-14,-0.2642705568099014,51.54942880701969,house,0,3
-14,-0.3233710292787696,51.55179678758547,house,0,2
-14,-0.20313310147358965,51.531627058131015,house,0,2
-14,-0.3068439496333039,51.563337498940164,house,0,3
-14,-0.27317023798644313,51.564240894309,house,0,3
-14,-0.3296147725132724,51.55362424809756,office,0,2
-14,-0.30328767971743653,51.57156442935864,house,0,3
-14,-0.30253514845085977,51.569689916502476,house,0,4
-14,-0.30253514845085977,51.569689916502476,house,0,3
-14,-0.2579231732694859,51.56135664021621,house,0,8
-14,-0.2579231732694859,51.56135664021621,house,0,4
-14,-0.2648472812614332,51.55061928237981,house,0,5
-14,-0.2875661990105139,51.57259958770554,house,0,8
-14,-0.2861273888197732,51.57013607655936,house,0,4
-14,-0.2813812805095664,51.569294934742906,house,0,2
-14,-0.2813812805095664,51.569294934742906,house,0,4
-14,-0.28831783562037455,51.58470169237986,house,0,2
-14,-0.26473783150716235,51.57713381691778,house,0,2
-14,-0.3062236586285387,51.56567456283603,house,0,4
-14,-0.2895851122343527,51.55902718683801,house,0,4
-14,-0.31236069811857803,51.551211558316126,house,0,5
-14,-0.28920116227378023,51.54539863056857,house,0,5
-14,-0.2817506982545051,51.55089731018988,house,0,2
-14,-0.26868935802200905,51.603100102615116,house,0,3
-14,-0.26868935802200905,51.603100102615116,house,0,5
-14,-0.26176054689116196,51.59706144087955,house,0,4
-14,-0.29300387070107686,51.59213259467942,house,0,3
-14,-0.28900198858484305,51.59662349431161,house,0,7
-14,-0.2554151275198285,51.58306108532776,house,0,3
-14,-0.3169254485322144,51.578601660941125,house,0,3
-14,-0.2187210912445737,51.550821660460485,house,0,3
-14,-0.2271035785934689,51.539848939765164,house,0,1
-14,-0.2285955805436606,51.54445190896873,house,0,8
-14,-0.33394526385910306,51.552975317752086,house,0,8
-14,-0.3004793102903237,51.55158869508523,house,0,8
-14,-0.1922635653746173,51.535780571352724,house,0,3
-14,-0.20485451381045564,51.54520572091433,house,0,7
-13,-0.29107951923980996,51.593195900840364,house,0,5
-13,-0.2890832997892915,51.537020127936984,house,0,4
-13,-0.3022124763496793,51.58782389233566,house,0,4
-13,-0.2575714360862865,51.537604939791535,house,0,4
-13,-0.2940216920394307,51.5620957496958,house,0,8
-13,-0.22702269243818599,51.53850256700347,house,0,3
-13,-0.2980640129309622,51.58801128720741,house,0,3
-13,-0.2763523826380157,51.58487285751944,house,0,2
-13,-0.28693346752269044,51.5275092039803,house,0,3
-13,-0.26325037841931076,51.59005285533394,house,0,5
-13,-0.22333359868306432,51.53748549968475,house,0,5
-13,-0.30312464985375187,51.56892167112256,house,0,1
-13,-0.3212199082414115,51.56132396542891,house,0,5
-13,-0.28921080109348124,51.5672392274802,house,0,2
-13,-0.300352951608613,51.55306278284399,house,0,3
-13,-0.19740059966541526,51.545498405985064,house,0,3
-13,-0.2163585098224255,51.54722845713374,house,0,3
-13,-0.20485710165781934,51.541248708958,house,0,8
-13,-0.2946346824672016,51.56720595429723,house,0,2
-13,-0.2875456351115238,51.5741282419775,house,0,3
-13,-0.27657399271729244,51.55033029052417,house,0,3
-13,-0.2354715633518029,51.565088207295986,house,0,6
-13,-0.2858846903061638,51.5492960524039,house,0,5
-13,-0.2396537902261777,51.55428806971637,house,0,2
-13,-0.24862826257596232,51.537610028485226,house,0,4
-13,-0.2834375664375864,51.53352832695987,house,0,3
-13,-0.2834375664375864,51.53352832695987,house,0,4
-13,-0.26331805943441544,51.5317823411212,house,0,1
-13,-0.26331805943441544,51.5317823411212,house,0,2
-13,-0.2879949717755491,51.52722408286747,house,0,5
-13,-0.2879949717755491,51.52722408286747,house,0,3
-13,-0.2562509890025993,51.56461718767811,house,0,2
-13,-0.2875661990105139,51.57259958770554,house,0,3
-13,-0.2875661990105139,51.57259958770554,house,0,3
-13,-0.286859202402396,51.58096903643411,house,0,5
-13,-0.2941709492173438,51.5641878297187,house,0,4
-13,-0.2941709492173438,51.5641878297187,house,0,2
-13,-0.31236069811857803,51.551211558316126,house,0,1
-13,-0.3008965735475134,51.5449692261926,house,0,4
-13,-0.29516519397532526,51.549235449450244,house,0,4
-13,-0.2794333884992739,51.551927946463685,house,0,5
-13,-0.2794333884992739,51.551927946463685,house,0,2
-13,-0.26868935802200905,51.603100102615116,house,0,4
-13,-0.3043567912543561,51.58788002686443,house,0,2
-13,-0.2659040201470107,51.59162622262965,house,0,4
-13,-0.26292234710597295,51.59145210571891,house,0,2
-13,-0.2554151275198285,51.58306108532776,house,0,3
-13,-0.2554151275198285,51.58306108532776,house,0,2
-13,-0.3169254485322144,51.578601660941125,house,0,7
-13,-0.3262167878373969,51.58082461960247,house,0,8
-13,-0.21837707590247082,51.55796776396055,house,0,4
-13,-0.21837707590247082,51.55796776396055,house,0,6
-13,-0.2213605363663662,51.552562366673484,house,0,4
-13,-0.23717239419582456,51.56525579190264,house,0,7
-13,-0.2499504825007141,51.56437587391869,house,0,3
-13,-0.2271035785934689,51.539848939765164,house,0,3
-13,-0.22955870310391888,51.5414062022791,house,0,4
-13,-0.22955870310391888,51.5414062022791,house,0,3
-13,-0.2276862348615841,51.54327371153227,house,0,3
-13,-0.22631942126132787,51.54534179801542,house,0,4
-13,-0.252390764681003,51.545775340554854,house,0,4
-13,-0.23372413551600418,51.55290698773534,house,0,2
-13,-0.23372413551600418,51.55290698773534,house,0,4
-13,-0.3004793102903237,51.55158869508523,house,0,3
-13,-0.1922635653746173,51.535780571352724,house,0,4
-13,-0.1922635653746173,51.535780571352724,house,0,4
-13,-0.19507581921193745,51.52579057476384,house,0,3
-13,-0.19507581921193745,51.52579057476384,house,0,2
-12,-0.3108268978412255,51.575929015112486,house,0,9
-12,-0.2337635116848197,51.54509126045901,house,0,5
-12,-0.26358361559223814,51.57494193049393,house,0,4
-12,-0.23776687503096539,51.56370107166405,house,0,6
-12,-0.19023224256415402,51.54081021954579,house,0,1
-12,-0.30159393777232574,51.549538934588284,house,0,2
-12,-0.2710718691029168,51.591956905579146,house,0,3
-12,-0.28201156593022775,51.53536983081976,house,0,2
-12,-0.2624709611760419,51.58464431694948,house,0,4
-12,-0.26957247059057293,51.542662418640724,house,0,1
-12,-0.31172310641381995,51.56516158121132,house,0,4
-12,-0.2951644874248099,51.56750748634099,house,0,4
-12,-0.28274593574343937,51.5354348432756,house,0,4
-12,-0.24306046193764413,51.56184302957064,house,0,7
-12,-0.264380840317413,51.57491901569188,house,0,6
-12,-0.27131162115863233,51.54837965720122,house,0,3
-12,-0.2362687503265287,51.552564057658785,house,0,5
-12,-0.24069632732953766,51.537487328080545,house,0,5
-12,-0.2615257419078027,51.568965888364126,house,0,3
-12,-0.31340468642126457,51.55722679592967,house,0,5
-12,-0.2955809455317186,51.562807859408686,house,0,4
-12,-0.28874179744528833,51.55834836596698,house,0,1
-12,-0.26630850889988267,51.56891024800677,house,0,5
-12,-0.2692373827157561,51.59091786175179,house,0,4
-12,-0.2918814235199632,51.59646499118242,house,0,4
-12,-0.2611778812199229,51.570814684338984,office,0,4
-12,-0.2681765101416328,51.57593936721064,office,0,2
-12,-0.2570529705372574,51.5443238795608,office,0,1
-12,-0.3094012625104876,51.58088873480657,house,0,4
-12,-0.2834375664375864,51.53352832695987,house,0,2
-12,-0.2648472812614332,51.55061928237981,house,0,8
-12,-0.2575051712403712,51.57757555767622,house,0,7
-12,-0.28831783562037455,51.58470169237986,house,0,2
-12,-0.26476453548127443,51.58290415606496,house,0,1
-12,-0.2669178446434486,51.57607408694856,house,0,3
-12,-0.26473783150716235,51.57713381691778,house,0,3
-12,-0.29381098554182383,51.565729155747334,house,0,7
-12,-0.29381098554182383,51.565729155747334,house,0,5
-12,-0.2941709492173438,51.5641878297187,house,0,5
-12,-0.29516519397532526,51.549235449450244,house,0,5
-12,-0.2794333884992739,51.551927946463685,house,0,2
-12,-0.3189797299342543,51.582320235076004,house,0,1
-12,-0.3189797299342543,51.582320235076004,house,0,3
-12,-0.21837707590247082,51.55796776396055,house,0,5
-12,-0.23462848155565674,51.560640211116876,house,0,6
-12,-0.2499504825007141,51.56437587391869,house,0,4
-12,-0.2271035785934689,51.539848939765164,house,0,3
-12,-0.252390764681003,51.545775340554854,house,0,2
-12,-0.24531673029176412,51.53517782146642,house,0,3
-12,-0.24234739345612272,51.53907658982097,house,0,5
-12,-0.22616363925833805,51.55491496845281,house,0,1
-12,-0.3004793102903237,51.55158869508523,house,0,2
-12,-0.19523094989828463,51.52857183221319,house,0,5
-11,-0.2940346205425243,51.543922718935924,house,0,4
-11,-0.3107356521794993,51.53246299967133,house,0,4
-11,-0.29307756883244634,51.58978204372233,house,0,4
-11,-0.26456344609239946,51.567472854177176,house,0,2
-11,-0.3113871104937527,51.58409138123233,house,0,7
-11,-0.20317736886130525,51.54405849184206,house,0,2
-11,-0.21552671726637107,51.553756506888114,house,0,8
-11,-0.26796010346652527,51.59654789249977,house,0,5
-11,-0.2907166918005762,51.58298930655249,house,0,2
-11,-0.23628081953112987,51.55438486993204,house,0,2
-11,-0.24889379829786604,51.56053058416534,house,0,6
-11,-0.3032793861551073,51.55954548080083,house,0,4
-11,-0.2845974820336351,51.596583580074714,house,0,8
-11,-0.2504531854175612,51.56026928045385,house,0,5
-11,-0.30341511083801664,51.55228766129081,house,0,6
-11,-0.2964432422561732,51.58827804213876,house,0,5
-11,-0.26650288790074994,51.58255915869414,house,0,7
-11,-0.22224780501343938,51.54076422022234,house,0,6
-11,-0.24207982791559243,51.56713979337297,house,0,1
-11,-0.3006449930691613,51.57005923783684,house,0,4
-11,-0.3090843235020939,51.55765985854344,house,0,2
-11,-0.2568609531926918,51.59447914662861,house,0,5
-11,-0.24557598715601878,51.55992983653273,house,0,5
-11,-0.23021965425165253,51.56191384086386,house,0,1
-11,-0.2361525995686358,51.53622131335644,house,0,8
-11,-0.25448075701845546,51.548124015107355,office,0,5
-11,-0.30459826619195074,51.56871798300173,house,0,5
-11,-0.30312464985375187,51.56892167112256,house,0,4
-11,-0.2986156019812692,51.57029602332805,house,0,4
-11,-0.27317023798644313,51.564240894309,house,0,5
-11,-0.2865261047952234,51.526685721045,house,0,6
-11,-0.238856028447066,51.57512978293375,house,0,3
-11,-0.2642705568099014,51.54942880701969,house,0,4
-11,-0.2642705568099014,51.54942880701969,house,0,4
-11,-0.2642705568099014,51.54942880701969,house,0,7
-11,-0.2763523826380157,51.58487285751944,house,0,2
-11,-0.2871493322029634,51.581581663058415,house,0,3
-11,-0.26476453548127443,51.58290415606496,house,0,6
-11,-0.31601101020522826,51.55668561501665,house,0,1
-11,-0.28416393254795785,51.563183729380775,house,0,3
-11,-0.28874179744528833,51.55834836596698,house,0,5
-11,-0.2747344845539966,51.59589292202414,house,0,5
-11,-0.2804617069059705,51.59081275826278,house,0,3
-11,-0.2792995228912661,51.59219772124248,house,0,4
-11,-0.25490074596177326,51.585882518168965,house,0,9
-11,-0.25521184869046726,51.58804074393221,house,0,5
-11,-0.20419669595819961,51.55017067719008,house,0,6
-11,-0.21837707590247082,51.55796776396055,house,0,1
-11,-0.2396537902261777,51.55428806971637,house,0,2
-11,-0.2326546608888695,51.56042820134117,house,0,8
-11,-0.22286391266306008,51.56279391484447,house,0,1
-11,-0.22286391266306008,51.56279391484447,house,0,3
-11,-0.25448075701845546,51.548124015107355,house,0,3
-11,-0.25404670223616826,51.54038042111709,house,0,3
-11,-0.25404670223616826,51.54038042111709,house,0,6
-11,-0.26333829461955605,51.54216023025171,house,0,2
-11,-0.26333829461955605,51.54216023025171,house,0,7
-11,-0.2471229216756624,51.545024358415375,house,0,6
-11,-0.22097664857109123,51.5559458025334,house,0,7
-11,-0.22097664857109123,51.5559458025334,house,0,3
-11,-0.23372413551600418,51.55290698773534,house,0,8
-11,-0.27041611578583247,51.551137946632714,house,0,8
-11,-0.19507581921193745,51.52579057476384,house,0,3
-10,-0.21257409171983202,51.556703932442495,house,0,5
-10,-0.25879258232250923,51.57734502009954,house,0,7
-10,-0.26006706711912086,51.537956486451776,house,0,3
-10,-0.26176403239275686,51.583522585920896,house,0,3
-10,-0.3177320156575886,51.56694960667255,house,0,4
-10,-0.22605739492411506,51.53768382760568,house,0,6
-10,-0.3057081478446607,51.56496176466078,house,0,1
-10,-0.2492175595463307,51.58632258105826,house,0,4
-10,-0.2788696818765082,51.55083883030969,house,0,4
-10,-0.2587552752050005,51.59612331865304,house,0,6
-10,-0.32815274406772194,51.55982338066179,house,0,2
-10,-0.2773588773154429,51.56986472458258,house,0,4
-10,-0.22493488086577101,51.54312015463013,house,0,4
-10,-0.2620641600416526,51.54282703481139,house,0,1
-10,-0.2925200028141973,51.59372604812186,house,0,7
-10,-0.3054804159229824,51.55656890099601,house,0,4
-10,-0.2667959618594187,51.582417356228376,house,0,3
-10,-0.26090009379082385,51.54603451891565,house,0,8
-10,-0.23824017130676245,51.56463089620015,house,0,8
-10,-0.28265525503133104,51.54938261436981,house,0,5
-10,-0.219211936775147,51.53038139104703,house,0,3
-10,-0.2868114082874919,51.595857384706676,house,0,1
-10,-0.280520390713511,51.59381817338461,house,0,4
-10,-0.2669608892173742,51.56721004408627,house,0,4
-10,-0.2307024034290987,51.54990919409904,house,0,6
-10,-0.28711635850103884,51.58179164066769,school,0,4
-10,-0.25938688218723155,51.538383465501596,office,0,3
-10,-0.30123133160350296,51.568933639654404,office,0,2
-10,-0.28921080109348124,51.5672392274802,house,0,3
-10,-0.2621802858199696,51.53248057523725,house,0,1
-10,-0.2621802858199696,51.53248057523725,house,0,3
-10,-0.19740059966541526,51.545498405985064,house,0,4
-10,-0.2642705568099014,51.54942880701969,house,0,5
-10,-0.2875661990105139,51.57259958770554,house,0,2
-10,-0.2875456351115238,51.5741282419775,house,0,6
-10,-0.28944379343154325,51.58417038338582,house,0,4
-10,-0.28905191513499945,51.56120140269236,house,0,3
-10,-0.31236069811857803,51.551211558316126,house,0,3
-10,-0.30159393777232574,51.549538934588284,house,0,1
-10,-0.26176054689116196,51.59706144087955,house,0,7
-10,-0.27935433841476914,51.586809760397905,house,0,3
-10,-0.3189797299342543,51.582320235076004,house,0,5
-10,-0.2326546608888695,51.56042820134117,house,0,4
-10,-0.24207982791559243,51.56713979337297,house,0,4
-10,-0.23717239419582456,51.56525579190264,house,0,5
-10,-0.22702269243818599,51.53850256700347,house,0,3
-10,-0.26957247059057293,51.542662418640724,house,0,1
-10,-0.26957247059057293,51.542662418640724,house,0,5
-10,-0.26479270541477784,51.54725576783049,house,0,2
-10,-0.2564838134669535,51.54990534852544,house,0,2
-10,-0.26333829461955605,51.54216023025171,house,0,4
-10,-0.1964739758949368,51.528799283620145,house,0,3
-10,-0.22616363925833805,51.55491496845281,house,0,4
-10,-0.27041611578583247,51.551137946632714,house,0,2
-10,-0.3004793102903237,51.55158869508523,house,0,5
-9,-0.30670045340354213,51.58819054313137,house,0,4
-9,-0.19501758596675475,51.54173155591042,house,0,2
-9,-0.2856827239671269,51.570038215177185,house,0,3
-9,-0.27795940262823593,51.551036856537316,house,0,5
-9,-0.31701840998803854,51.58384584098685,house,0,7
-9,-0.290807047727069,51.54670187348154,house,0,5
-9,-0.29173311247025585,51.592983491220245,house,0,1
-9,-0.325381934702843,51.55431645869733,house,0,7
-9,-0.2760264312192667,51.54985307432253,house,0,7
-9,-0.2998070879986669,51.557527514630046,house,0,5
-9,-0.19322064018999324,51.54162595927488,house,0,4
-9,-0.22937332437329508,51.54489728688362,house,0,3
-9,-0.21532976826768738,51.545461652548376,house,0,5
-9,-0.3163245607214978,51.54835702926727,house,0,4
-9,-0.32363984614082275,51.55810547302079,house,0,3
-9,-0.2508512173328456,51.534067338798394,house,0,6
-9,-0.19583164475700668,51.533202006019,house,0,3
-9,-0.2531895197870678,51.5737107682437,house,0,2
-9,-0.32393572403559706,51.55744710756554,house,0,5
-9,-0.22051927530826654,51.532741391605384,house,0,9
-9,-0.21343464410397675,51.52590497871641,house,0,3
-9,-0.3251872378215816,51.5569524606602,house,0,2
-9,-0.24327998938353423,51.56666416180439,house,0,4
-9,-0.24393579390722148,51.561539743991474,house,0,4
-9,-0.2461376735338819,51.54318161626306,house,0,3
-9,-0.234056640444354,51.55005104033556,office,0,4
-9,-0.28414110981420393,51.5502388942325,office,0,4
-9,-0.2141199924760728,51.52906817389938,office,0,3
-9,-0.30650695623484797,51.569029213158494,house,0,5
-9,-0.28201156593022775,51.53536983081976,house,0,3
-9,-0.2621802858199696,51.53248057523725,house,0,2
-9,-0.28693346752269044,51.5275092039803,house,0,3
-9,-0.26456344609239946,51.567472854177176,house,0,5
-9,-0.26456344609239946,51.567472854177176,house,0,4
-9,-0.28831783562037455,51.58470169237986,house,0,5
-9,-0.2681765101416328,51.57593936721064,house,0,7
-9,-0.28874179744528833,51.55834836596698,house,0,4
-9,-0.28874179744528833,51.55834836596698,house,0,5
-9,-0.2921665412310763,51.55058433330809,house,0,2
-9,-0.28868110326749047,51.595720194664544,house,0,1
-9,-0.2868114082874919,51.595857384706676,house,0,6
-9,-0.19023224256415402,51.54081021954579,house,0,7
-9,-0.2326546608888695,51.56042820134117,house,0,4
-9,-0.23021965425165253,51.56191384086386,house,0,2
-9,-0.24813577315992252,51.56455501082781,house,0,1
-9,-0.2163585098224255,51.54722845713374,house,0,7
-9,-0.2620641600416526,51.54282703481139,house,0,3
-9,-0.24862826257596232,51.537610028485226,house,0,9
-9,-0.27657399271729244,51.55033029052417,house,0,1
-9,-0.3296147725132724,51.55362424809756,house,0,2
-9,-0.20317736886130525,51.54405849184206,house,0,4
-8,-0.31002543053061543,51.543619391718735,house,0,2
-8,-0.3290040912597795,51.56225149894983,house,0,4
-8,-0.21762378066400384,51.54417514666206,house,0,2
-8,-0.22305351698665585,51.5364484266135,house,0,4
-8,-0.3092617692056734,51.53871279239266,house,0,3
-8,-0.27784684589711406,51.55207318031061,house,0,3
-8,-0.2752019476488603,51.593016937444695,house,0,1
-8,-0.3292589648372076,51.55858780861076,house,0,4
-8,-0.3205591569891154,51.55641860203487,house,0,3
-8,-0.32412152027570096,51.55213593909087,house,0,2
-8,-0.31861077551840283,51.55033341210981,house,0,1
-8,-0.3075153564955577,51.567692796951484,house,0,5
-8,-0.2546610263745137,51.558561740418945,house,0,2
-8,-0.30802538844562,51.57704890682379,house,0,6
-8,-0.2855574890098925,51.564939609383934,house,0,4
-8,-0.30995828580018375,51.532845533873946,house,0,4
-8,-0.2216730961063848,51.56758278575867,house,0,6
-8,-0.29626990067850295,51.54917814018774,house,0,2
-8,-0.2286061343086613,51.53751759126717,house,0,5
-8,-0.19023224256415402,51.54081021954579,house,0,5
-8,-0.27813589484588536,51.57035031657119,house,0,2
-8,-0.31010382906209133,51.55486784702277,house,0,2
-8,-0.2594360696239472,51.58492965736717,house,0,7
-8,-0.19942426794280396,51.52732952192142,house,0,8
-8,-0.32308975292323,51.56232938556073,house,0,8
-8,-0.2284138945177016,51.54411628558145,office,0,4
-8,-0.28469589269328077,51.55198340478405,office,0,5
-8,-0.30123133160350296,51.568933639654404,house,0,4
-8,-0.30123133160350296,51.568933639654404,house,0,5
-8,-0.3021932786272339,51.580970917187834,house,0,2
-8,-0.28274593574343937,51.5354348432756,house,0,5
-8,-0.19740059966541526,51.545498405985064,house,0,4
-8,-0.27131162115863233,51.54837965720122,house,0,1
-8,-0.27131162115863233,51.54837965720122,house,0,5
-8,-0.2611778812199229,51.570814684338984,house,0,6
-8,-0.2611778812199229,51.570814684338984,house,0,3
-8,-0.2611778812199229,51.570814684338984,house,0,5
-8,-0.2615257419078027,51.568965888364126,house,0,2
-8,-0.26456344609239946,51.567472854177176,house,0,5
-8,-0.2756037575951846,51.5813253784608,house,0,6
-8,-0.2907166918005762,51.58298930655249,house,0,3
-8,-0.2907166918005762,51.58298930655249,house,0,5
-8,-0.28831783562037455,51.58470169237986,house,0,3
-8,-0.26493418872240526,51.57164053284862,house,0,1
-8,-0.3090843235020939,51.55765985854344,house,0,7
-8,-0.3090843235020939,51.55765985854344,house,0,5
-8,-0.3212199082414115,51.56132396542891,house,0,8
-8,-0.32815274406772194,51.55982338066179,house,0,6
-8,-0.31172310641381995,51.56516158121132,house,0,4
-8,-0.28905191513499945,51.56120140269236,house,0,5
-8,-0.2955809455317186,51.562807859408686,house,0,4
-8,-0.2931417675462023,51.56556045859849,house,0,3
-8,-0.29537631497753847,51.54659342221225,house,0,1
-8,-0.2858846903061638,51.5492960524039,house,0,1
-8,-0.2858846903061638,51.5492960524039,house,0,1
-8,-0.26731630767788567,51.598930534638825,house,0,3
-8,-0.27935433841476914,51.586809760397905,house,0,6
-8,-0.28868110326749047,51.595720194664544,house,0,6
-8,-0.2692373827157561,51.59091786175179,house,0,3
-8,-0.25712655378702387,51.58716217333488,house,0,6
-8,-0.19023224256415402,51.54081021954579,house,0,3
-8,-0.23628081953112987,51.55438486993204,house,0,6
-8,-0.21711907291223115,51.55055478284619,house,0,5
-8,-0.21711907291223115,51.55055478284619,house,0,2
-8,-0.24207982791559243,51.56713979337297,house,0,4
-8,-0.24207982791559243,51.56713979337297,house,0,7
-8,-0.24813577315992252,51.56455501082781,house,0,6
-8,-0.22333359868306432,51.53748549968475,house,0,4
-8,-0.2575714360862865,51.537604939791535,house,0,6
-8,-0.2620641600416526,51.54282703481139,house,0,2
-8,-0.2620641600416526,51.54282703481139,house,0,7
-8,-0.22097664857109123,51.5559458025334,house,0,1
-8,-0.27041611578583247,51.551137946632714,house,0,1
-8,-0.27657399271729244,51.55033029052417,house,0,4
-7,-0.3173713707508497,51.56497586522486,house,0,5
-7,-0.2217009347443465,51.53163384379068,house,0,2
-7,-0.21297225166531902,51.544390653059814,house,0,9
-7,-0.2476962661986549,51.55946038614,house,0,2
-7,-0.32615733528125435,51.56183713038798,house,0,3
-7,-0.2356942287332386,51.53900986732832,house,0,8
-7,-0.23500758953166748,51.546783998961736,house,0,5
-7,-0.30990966806926906,51.579473604746916,house,0,7
-7,-0.2888327767634198,51.580289286729595,house,0,1
-7,-0.2688219701435697,51.595075514701705,house,0,3
-7,-0.2983388609503362,51.589254469276725,house,0,4
-7,-0.29941632141427343,51.55785875373278,house,0,2
-7,-0.2872214068250097,51.55947618047995,house,0,2
-7,-0.26894233298201525,51.603240120300065,house,0,3
-7,-0.2107174310983012,51.53173923522565,house,0,4
-7,-0.24208236362200788,51.55188611676731,house,0,7
-7,-0.2133627424633675,51.54765810339882,house,0,2
-7,-0.21714757916704513,51.53056825286808,house,0,6
-7,-0.20972754940431151,51.55146974148601,house,0,6
-7,-0.31371061698348357,51.56867576503466,house,0,3
-7,-0.303664808788061,51.57130830522446,house,0,3
-7,-0.2002446639121231,51.529759803721,house,0,8
-7,-0.2367361089728675,51.553177926651216,house,0,5
-7,-0.3005989864924622,51.58127394197485,house,0,1
-7,-0.22581038085347518,51.556064397035065,house,0,8
-7,-0.2918782236961323,51.57290732387802,office,0,8
-7,-0.290048490929611,51.59520148747961,office,0,7
-7,-0.3107356521794993,51.53246299967133,house,0,3
-7,-0.27131162115863233,51.54837965720122,house,0,6
-7,-0.2615257419078027,51.568965888364126,house,0,1
-7,-0.26456344609239946,51.567472854177176,house,0,4
-7,-0.26493418872240526,51.57164053284862,house,0,2
-7,-0.3212199082414115,51.56132396542891,house,0,3
-7,-0.3057081478446607,51.56496176466078,house,0,7
-7,-0.29381098554182383,51.565729155747334,house,0,2
-7,-0.29173311247025585,51.592983491220245,house,0,2
-7,-0.2752019476488603,51.593016937444695,house,0,6
-7,-0.19501758596675475,51.54173155591042,house,0,7
-7,-0.23021965425165253,51.56191384086386,house,0,4
-7,-0.2354715633518029,51.565088207295986,house,0,5
-7,-0.22333359868306432,51.53748549968475,house,0,5
-7,-0.22702269243818599,51.53850256700347,house,0,4
-7,-0.2163585098224255,51.54722845713374,house,0,3
-7,-0.2163585098224255,51.54722845713374,house,0,3
-7,-0.25938688218723155,51.538383465501596,house,0,2
-7,-0.26006706711912086,51.537956486451776,house,0,1
-7,-0.26006706711912086,51.537956486451776,house,0,5
-7,-0.2620641600416526,51.54282703481139,house,0,6
-7,-0.219211936775147,51.53038139104703,house,0,2
-7,-0.22616363925833805,51.55491496845281,house,0,1
-7,-0.22097664857109123,51.5559458025334,house,0,5
-6,-0.2515467149223564,51.55653014795932,house,0,8
-6,-0.3313273968585931,51.55457925447075,house,0,2
-6,-0.24008062647835876,51.57524576703168,house,0,6
-6,-0.252726462455568,51.58683645448265,house,0,6
-6,-0.2503525577080765,51.550128775198544,house,0,3
-6,-0.26921749455925476,51.60065211560139,house,0,3
-6,-0.2241415468587263,51.53090629624461,house,0,4
-6,-0.2869299332637278,51.56458066238564,house,0,3
-6,-0.21404634919302135,51.545406885518744,house,0,4
-6,-0.2515467149223564,51.55653014795932,house,0,1
-6,-0.3075569224159393,51.55672309323414,house,0,5
-6,-0.21654182547336653,51.55536529646931,house,0,4
-6,-0.29330581988375387,51.55163171626852,house,0,2
-6,-0.2474435416706994,51.55784680365843,house,0,2
-6,-0.2948376291062185,51.56548802100186,house,0,3
-6,-0.2199381943076817,51.53195028224693,house,0,7
-6,-0.28671267156631663,51.53337532546577,house,0,3
-6,-0.22051818770745665,51.53282226300813,house,0,4
-6,-0.2988454852589375,51.544768486216896,house,0,4
-6,-0.2501159405435521,51.5614116019078,house,0,4
-6,-0.32982799331172863,51.560911067094075,house,0,2
-6,-0.2789502552716535,51.55332400184788,house,0,1
-6,-0.3181371141665889,51.565160660344446,house,0,4
-6,-0.29258982308143705,51.53763240680846,house,0,3
-6,-0.2963573928799967,51.579815343459146,house,0,5
-6,-0.2643080315506836,51.54281831030442,office,0,2
-6,-0.3207250890655842,51.57883129991809,office,0,4
-6,-0.3169555858666093,51.5738841673153,office,0,1
-6,-0.24100105927231463,51.567075391768526,office,0,4
-6,-0.30459826619195074,51.56871798300173,house,0,7
-6,-0.30459826619195074,51.56871798300173,house,0,9
-6,-0.3006449930691613,51.57005923783684,house,0,4
-6,-0.3005989864924622,51.58127394197485,house,0,4
-6,-0.19740059966541526,51.545498405985064,house,0,4
-6,-0.3107356521794993,51.53246299967133,house,0,5
-6,-0.3107356521794993,51.53246299967133,house,0,7
-6,-0.3107356521794993,51.53246299967133,house,0,5
-6,-0.2546610263745137,51.558561740418945,house,0,3
-6,-0.2669608892173742,51.56721004408627,house,0,3
-6,-0.2856827239671269,51.570038215177185,house,0,1
-6,-0.2888327767634198,51.580289286729595,house,0,5
-6,-0.31340468642126457,51.55722679592967,house,0,3
-6,-0.32815274406772194,51.55982338066179,house,0,4
-6,-0.32815274406772194,51.55982338066179,house,0,3
-6,-0.3177320156575886,51.56694960667255,house,0,4
-6,-0.3177320156575886,51.56694960667255,house,0,2
-6,-0.3054804159229824,51.55656890099601,house,0,1
-6,-0.29626990067850295,51.54917814018774,house,0,2
-6,-0.2788696818765082,51.55083883030969,house,0,1
-6,-0.31861077551840283,51.55033341210981,house,0,3
-6,-0.32412152027570096,51.55213593909087,house,0,6
-6,-0.32412152027570096,51.55213593909087,house,0,1
-6,-0.2568609531926918,51.59447914662861,house,0,4
-6,-0.29107951923980996,51.593195900840364,house,0,2
-6,-0.280520390713511,51.59381817338461,house,0,6
-6,-0.2624709611760419,51.58464431694948,house,0,3
-6,-0.25521184869046726,51.58804074393221,house,0,1
-6,-0.25712655378702387,51.58716217333488,house,0,6
-6,-0.23021965425165253,51.56191384086386,house,0,6
-6,-0.23776687503096539,51.56370107166405,house,0,6
-6,-0.2504531854175612,51.56026928045385,house,0,4
-6,-0.22333359868306432,51.53748549968475,house,0,5
-6,-0.22937332437329508,51.54489728688362,house,0,1
-6,-0.22493488086577101,51.54312015463013,house,0,3
-6,-0.2575714360862865,51.537604939791535,house,0,5
-6,-0.26006706711912086,51.537956486451776,house,0,5
-6,-0.2620641600416526,51.54282703481139,house,0,5
-6,-0.24069632732953766,51.537487328080545,house,0,3
-6,-0.31002543053061543,51.543619391718735,house,0,3
-6,-0.2141199924760728,51.52906817389938,house,0,1
-5,-0.27536148990804515,51.58684551300168,house,0,2
-5,-0.3178907568996141,51.55872031464175,house,0,2
-5,-0.20182868444695864,51.54267591387834,house,0,3
-5,-0.2798186651156779,51.58007752481389,house,0,4
-5,-0.2921905742417286,51.55098520320828,house,0,4
-5,-0.21152748982292405,51.550504855042725,house,0,8
-5,-0.27741438502170623,51.59443267830775,house,0,6
-5,-0.21124841728189678,51.54465686531782,house,0,5
-5,-0.2532756459683446,51.57565219222515,house,0,8
-5,-0.2943323977894082,51.59273323509564,house,0,1
-5,-0.2188815986245813,51.544202404036824,house,0,5
-5,-0.196014803015222,51.54119216342523,house,0,4
-5,-0.26881119917813234,51.566513850243695,house,0,5
-5,-0.31769366427828205,51.57982411605841,house,0,4
-5,-0.21040157870261647,51.530680825867925,house,0,4
-5,-0.26145479362893365,51.5900806732466,house,0,5
-5,-0.3141355914471775,51.582866915705324,house,0,3
-5,-0.2419316772345607,51.53553344440311,house,0,3
-5,-0.23719484361879373,51.53235992442766,house,0,4
-5,-0.22605135984997327,51.538748096618,house,0,3
-5,-0.2427200329415503,51.5398537342592,house,0,4
-5,-0.3087505391139145,51.549404403807074,house,0,8
-5,-0.26445230471645914,51.55161706520018,house,0,6
-5,-0.2612596058059371,51.55219830938087,house,0,1
-5,-0.3088524654397942,51.55139968163525,house,0,3
-5,-0.27293828711128376,51.552127245115344,office,0,4
-5,-0.3041774516601922,51.58969311140821,office,0,3
-5,-0.3005989864924622,51.58127394197485,house,0,5
-5,-0.2575051712403712,51.57757555767622,house,0,6
-5,-0.2681765101416328,51.57593936721064,house,0,2
-5,-0.3205591569891154,51.55641860203487,house,0,5
-5,-0.3205591569891154,51.55641860203487,house,0,4
-5,-0.2872214068250097,51.55947618047995,house,0,1
-5,-0.3054804159229824,51.55656890099601,house,0,2
-5,-0.2955809455317186,51.562807859408686,house,0,6
-5,-0.2940216920394307,51.5620957496958,house,0,6
-5,-0.29626990067850295,51.54917814018774,house,0,7
-5,-0.29626990067850295,51.54917814018774,house,0,5
-5,-0.2940346205425243,51.543922718935924,house,0,3
-5,-0.300352951608613,51.55306278284399,house,0,2
-5,-0.30341511083801664,51.55228766129081,house,0,6
-5,-0.30341511083801664,51.55228766129081,house,0,6
-5,-0.28265525503133104,51.54938261436981,house,0,5
-5,-0.32412152027570096,51.55213593909087,house,0,6
-5,-0.30670045340354213,51.58819054313137,house,0,3
-5,-0.2964432422561732,51.58827804213876,house,0,1
-5,-0.2964432422561732,51.58827804213876,house,0,4
-5,-0.2692373827157561,51.59091786175179,house,0,3
-5,-0.2692373827157561,51.59091786175179,house,0,3
-5,-0.24327998938353423,51.56666416180439,house,0,3
-5,-0.24306046193764413,51.56184302957064,house,0,5
-5,-0.24889379829786604,51.56053058416534,house,0,5
-5,-0.2217009347443465,51.53163384379068,house,0,4
-5,-0.21762378066400384,51.54417514666206,house,0,5
-5,-0.22224780501343938,51.54076422022234,house,0,1
-5,-0.22937332437329508,51.54489728688362,house,0,1
-5,-0.22937332437329508,51.54489728688362,house,0,6
-5,-0.2133627424633675,51.54765810339882,house,0,4
-5,-0.24733205724614177,51.54294258143825,house,0,2
-5,-0.2337635116848197,51.54509126045901,house,0,5
-5,-0.24069632732953766,51.537487328080545,house,0,6
-5,-0.234056640444354,51.55005104033556,house,0,2
-5,-0.2141199924760728,51.52906817389938,house,0,3
-5,-0.2141199924760728,51.52906817389938,house,0,2
-5,-0.2141199924760728,51.52906817389938,house,0,4
-5,-0.2141199924760728,51.52906817389938,house,0,4
-5,-0.2141199924760728,51.52906817389938,house,0,4
-5,-0.2141199924760728,51.52906817389938,house,0,3
-5,-0.2141199924760728,51.52906817389938,house,0,3
-4,-0.27094395670305577,51.589068207084054,house,0,5
-4,-0.21745204463283765,51.547142618622324,house,0,5
-4,-0.24732215611846278,51.553676134883716,house,0,3
-4,-0.2867118666349688,51.55070662317213,house,0,6
-4,-0.23376054902794186,51.545058107003676,house,0,8
-4,-0.2024660969420197,51.544991943386584,house,0,3
-4,-0.2275994365248423,51.56251530635462,house,0,5
-4,-0.30805496834147933,51.55034389302015,house,0,2
-4,-0.3044267276857684,51.582199264470496,house,0,3
-4,-0.25236631460375425,51.581556782840906,house,0,1
-4,-0.2733892749635704,51.548611273940196,house,0,3
-4,-0.2201159229749666,51.54857141549307,house,0,5
-4,-0.23191334297792374,51.55471005913185,house,0,4
-4,-0.28586109105377616,51.570816285747405,house,0,2
-4,-0.324031214484593,51.5631073677958,house,0,6
-4,-0.27797007889998004,51.587721913699895,house,0,4
-4,-0.2933125511812425,51.588074303771045,house,0,3
-4,-0.21668337205569888,51.540354371219145,house,0,1
-4,-0.33178594029448594,51.55608876366238,house,0,5
-4,-0.2836366482457163,51.552089479508524,house,0,2
-4,-0.2635104180360662,51.57431330410074,house,0,4
-4,-0.28359534256114194,51.5520189444829,house,0,3
-4,-0.24032768195044407,51.574357161541535,house,0,5
-4,-0.22193990477037212,51.55152879814815,house,0,5
-4,-0.31291858842663606,51.569518619887674,house,0,5
-4,-0.21299231568197954,51.54506945075281,supermarket,0,5
-4,-0.3179457576134935,51.555214206337745,office,0,5
-4,-0.31851195783232644,51.559324606747396,office,0,4
-4,-0.303664808788061,51.57130830522446,house,0,4
-4,-0.3107356521794993,51.53246299967133,house,0,6
-4,-0.26650288790074994,51.58255915869414,house,0,3
-4,-0.3290040912597795,51.56225149894983,house,0,3
-4,-0.31371061698348357,51.56867576503466,house,0,6
-4,-0.2872214068250097,51.55947618047995,house,0,1
-4,-0.3032793861551073,51.55954548080083,house,0,5
-4,-0.290807047727069,51.54670187348154,house,0,1
-4,-0.29330581988375387,51.55163171626852,house,0,1
-4,-0.2710718691029168,51.591956905579146,house,0,3
-4,-0.2688219701435697,51.595075514701705,house,0,2
-4,-0.2688219701435697,51.595075514701705,house,0,12
-4,-0.2752019476488603,51.593016937444695,house,0,2
-4,-0.25521184869046726,51.58804074393221,house,0,2
-4,-0.19322064018999324,51.54162595927488,house,0,5
-4,-0.23776687503096539,51.56370107166405,house,0,5
-4,-0.2354715633518029,51.565088207295986,house,0,5
-4,-0.2476962661986549,51.55946038614,house,0,5
-4,-0.22305351698665585,51.5364484266135,house,0,1
-4,-0.22305351698665585,51.5364484266135,house,0,3
-4,-0.22333359868306432,51.53748549968475,house,0,4
-4,-0.2217009347443465,51.53163384379068,house,0,4
-4,-0.2217009347443465,51.53163384379068,house,0,2
-4,-0.22224780501343938,51.54076422022234,house,0,5
-4,-0.22224780501343938,51.54076422022234,house,0,6
-4,-0.22605739492411506,51.53768382760568,house,0,5
-4,-0.2163585098224255,51.54722845713374,house,0,4
-4,-0.2643080315506836,51.54281831030442,house,0,1
-4,-0.2643080315506836,51.54281831030442,house,0,3
-4,-0.3292589648372076,51.55858780861076,house,0,4
-4,-0.3292589648372076,51.55858780861076,house,0,5
-4,-0.27795940262823593,51.551036856537316,house,0,8
-3,-0.27021308310181735,51.59630422531391,house,0,1
-3,-0.29796948915624255,51.571225628072675,house,0,2
-3,-0.19304568164833083,51.52715093208289,house,0,1
-3,-0.26456870461601834,51.58292731513249,house,0,2
-3,-0.27977451809045395,51.56837669402358,house,0,6
-3,-0.22034265293809763,51.53966137168163,house,0,4
-3,-0.2934718746184363,51.57553199720376,house,0,4
-3,-0.2932883277994855,51.59363972876911,house,0,7
-3,-0.21696163889227163,51.53011364409483,house,0,6
-3,-0.2052535004857622,51.530428828867755,house,0,5
-3,-0.2428463705152429,51.56659988336613,house,0,5
-3,-0.2937304949404038,51.56031423509638,house,0,5
-3,-0.2561958324770427,51.58889885604332,house,0,4
-3,-0.1997821698314871,51.52554642432112,house,0,5
-3,-0.28399059639055774,51.570920786438954,house,0,5
-3,-0.26838437142897187,51.59526453691886,house,0,4
-3,-0.30405827690792653,51.542062432718566,house,0,1
-3,-0.19307783660194014,51.52768588629338,house,0,3
-3,-0.24177172721918852,51.56805696695393,house,0,4
-3,-0.21032777322429883,51.531726862777184,house,0,7
-3,-0.26062159931394374,51.56981842442679,house,0,5
-3,-0.31522909995999154,51.5865873930379,house,0,4
-3,-0.2897441516639638,51.54476708921613,house,0,8
-3,-0.2711574618018646,51.58907755967275,house,0,3
-3,-0.2535973232089604,51.5817390124206,house,0,2
-3,-0.2715027397883062,51.600320757974735,leisure,0,5
-3,-0.20474096151914759,51.54534179297051,office,0,1
-3,-0.27613468340545383,51.58841676812102,office,0,5
-3,-0.20259270289512812,51.54971415957864,office,0,5
-3,-0.30123133160350296,51.568933639654404,house,0,2
-3,-0.303664808788061,51.57130830522446,house,0,4
-3,-0.3108268978412255,51.575929015112486,house,0,2
-3,-0.3108268978412255,51.575929015112486,house,0,4
-3,-0.28274593574343937,51.5354348432756,house,0,4
-3,-0.29258982308143705,51.53763240680846,house,0,3
-3,-0.31340468642126457,51.55722679592967,house,0,4
-3,-0.32363984614082275,51.55810547302079,house,0,4
-3,-0.32815274406772194,51.55982338066179,house,0,2
-3,-0.3251872378215816,51.5569524606602,house,0,3
-3,-0.3075153564955577,51.567692796951484,house,0,3
-3,-0.3075153564955577,51.567692796951484,house,0,2
-3,-0.3177320156575886,51.56694960667255,house,0,1
-3,-0.2869299332637278,51.56458066238564,house,0,8
-3,-0.2948376291062185,51.56548802100186,house,0,3
-3,-0.2948376291062185,51.56548802100186,house,0,2
-3,-0.290807047727069,51.54670187348154,house,0,5
-3,-0.2789502552716535,51.55332400184788,house,0,6
-3,-0.28469589269328077,51.55198340478405,house,0,5
-3,-0.30670045340354213,51.58819054313137,house,0,3
-3,-0.2925200028141973,51.59372604812186,house,0,2
-3,-0.2845974820336351,51.596583580074714,house,0,7
-3,-0.19322064018999324,51.54162595927488,house,0,1
-3,-0.19023224256415402,51.54081021954579,house,0,6
-3,-0.21711907291223115,51.55055478284619,house,0,4
-3,-0.2474435416706994,51.55784680365843,house,0,3
-3,-0.2504531854175612,51.56026928045385,house,0,4
-3,-0.22305351698665585,51.5364484266135,house,0,7
-3,-0.22224780501343938,51.54076422022234,house,0,3
-3,-0.21668337205569888,51.540354371219145,house,0,4
-3,-0.2284138945177016,51.54411628558145,house,0,3
-3,-0.22493488086577101,51.54312015463013,house,0,7
-3,-0.2508512173328456,51.534067338798394,house,0,8
-3,-0.2643080315506836,51.54281831030442,house,0,4
-3,-0.2643080315506836,51.54281831030442,house,0,6
-3,-0.234056640444354,51.55005104033556,house,0,4
-3,-0.25236631460375425,51.581556782840906,house,0,5
-3,-0.25236631460375425,51.581556782840906,house,0,7
-3,-0.21343464410397675,51.52590497871641,house,0,7
-2,-0.22536452185569625,51.549202777156545,house,0,3
-2,-0.3165222999031311,51.57914274628727,house,0,5
-2,-0.2601664404909869,51.570096273935484,house,0,5
-2,-0.2538420359490576,51.591023314240466,house,0,3
-2,-0.25831443467321735,51.57235794139123,house,0,4
-2,-0.29360783370408994,51.55997096234896,house,0,6
-2,-0.2168938060627189,51.537162314243815,house,0,5
-2,-0.2173422318865217,51.52921681670751,house,0,6
-2,-0.2316196223846813,51.54420903176318,house,0,3
-2,-0.22333706975721113,51.53004139043034,house,0,6
-2,-0.2947920377272043,51.592558033941174,house,0,5
-2,-0.28440400505032154,51.55329060670483,house,0,9
-2,-0.2798254327908714,51.591900907351,house,0,4
-2,-0.22071871203303003,51.53250779156961,house,0,5
-2,-0.25444919727335286,51.549942581701806,house,0,5
-2,-0.2888490188224191,51.59685342288076,house,0,4
-2,-0.21490842125561863,51.54780102146387,house,0,1
-2,-0.2455335630597189,51.534399948372986,house,0,3
-2,-0.27655130431698893,51.58766225894039,house,0,4
-2,-0.2917012258469688,51.5792697619824,house,0,5
-2,-0.2183241470795067,51.556009198042055,house,0,2
-2,-0.28353022692415986,51.58483560002515,house,0,3
-2,-0.2602000387937091,51.59692811072744,house,0,6
-2,-0.260248734758961,51.53881482256007,house,0,1
-2,-0.31187332807381757,51.54979051720085,house,0,4
-2,-0.3003007691770552,51.590595659825524,office,0,5
-2,-0.2069439243918464,51.53237489191821,office,0,5
-2,-0.3035208410385119,51.5763998776985,office,0,2
-2,-0.20703974120035468,51.529984432804184,office,0,7
-2,-0.30802538844562,51.57704890682379,house,0,1
-2,-0.28586109105377616,51.570816285747405,house,0,4
-2,-0.2888327767634198,51.580289286729595,house,0,6
-2,-0.3178907568996141,51.55872031464175,house,0,8
-2,-0.32982799331172863,51.560911067094075,house,0,5
-2,-0.2948376291062185,51.56548802100186,house,0,5
-2,-0.2948376291062185,51.56548802100186,house,0,3
-2,-0.3088524654397942,51.55139968163525,house,0,2
-2,-0.2988454852589375,51.544768486216896,house,0,4
-2,-0.28414110981420393,51.5502388942325,house,0,5
-2,-0.28469589269328077,51.55198340478405,house,0,4
-2,-0.28469589269328077,51.55198340478405,house,0,2
-2,-0.26921749455925476,51.60065211560139,house,0,4
-2,-0.3041774516601922,51.58969311140821,house,0,7
-2,-0.2925200028141973,51.59372604812186,house,0,4
-2,-0.2943323977894082,51.59273323509564,house,0,3
-2,-0.2688219701435697,51.595075514701705,house,0,8
-2,-0.3141355914471775,51.582866915705324,house,0,7
-2,-0.3207250890655842,51.57883129991809,house,0,8
-2,-0.2216730961063848,51.56758278575867,house,0,2
-2,-0.21552671726637107,51.553756506888114,house,0,3
-2,-0.23824017130676245,51.56463089620015,house,0,7
-2,-0.24100105927231463,51.567075391768526,house,0,1
-2,-0.22605135984997327,51.538748096618,house,0,3
-2,-0.22605739492411506,51.53768382760568,house,0,6
-2,-0.2284138945177016,51.54411628558145,house,0,4
-2,-0.21404634919302135,51.545406885518744,house,0,5
-2,-0.21532976826768738,51.545461652548376,house,0,5
-2,-0.26090009379082385,51.54603451891565,house,0,5
-2,-0.26090009379082385,51.54603451891565,house,0,4
-2,-0.2503525577080765,51.550128775198544,house,0,3
-2,-0.2361525995686358,51.53622131335644,house,0,3
-2,-0.23500758953166748,51.546783998961736,house,0,4
-2,-0.27795940262823593,51.551036856537316,house,0,10
-2,-0.20182868444695864,51.54267591387834,house,0,6
-2,-0.2107174310983012,51.53173923522565,house,0,3
-2,-0.25236631460375425,51.581556782840906,house,0,6
-2,-0.25236631460375425,51.581556782840906,house,0,3
-2,-0.25236631460375425,51.581556782840906,house,0,2
-1,-0.22641602973666206,51.53989508633162,house,0,4
-1,-0.3223024042685899,51.55865262064957,house,0,4
-1,-0.2663715891678369,51.56348762049926,house,0,4
-1,-0.3179319525429161,51.550537462293995,house,0,3
-1,-0.21749163433196178,51.54561325008404,house,0,4
-1,-0.2038989406293634,51.55068355564788,house,0,4
-1,-0.2707218887647684,51.550054578904344,house,0,3
-1,-0.2636464413037616,51.55258385863895,house,0,4
-1,-0.232132116063999,51.56065612610512,house,0,4
-1,-0.21250315868777306,51.543242061779786,house,0,5
-1,-0.28657837212588144,51.583101500679675,house,0,4
-1,-0.25571603426924383,51.57379291890334,house,0,1
-1,-0.23485101706388295,51.56281349312092,house,0,2
-1,-0.2924372933446305,51.563782446627805,house,0,8
-1,-0.31428115849562194,51.57092395430453,house,0,7
-1,-0.21720425785487113,51.536751983854316,house,0,6
-1,-0.26570688819537563,51.60326881082077,house,0,2
-1,-0.26682560706819514,51.56769327775492,house,0,2
-1,-0.24270113632044057,51.56527406412625,house,0,5
-1,-0.2022251332396232,51.531509176997254,house,0,6
-1,-0.3025736067826774,51.557279697023894,house,0,4
-1,-0.29244480977084114,51.560211296287115,house,0,2
-1,-0.2499873937369449,51.583000014584364,house,0,5
-1,-0.26829975652151317,51.59997879217522,house,0,1
-1,-0.2246946849563286,51.53209513330411,house,0,5
-1,-0.29725709658809873,51.57528917150008,shopping,0,2
-1,-0.24363759898213214,51.55780702779599,office,0,7
-1,-0.2584355038409532,51.54252413252387,office,0,3
-1,-0.26549728514262844,51.54186995494971,office,0,5
-1,-0.29935439745949455,51.5490581779618,office,0,6
-1,-0.24044286439468207,51.57520674565619,office,0,5
-1,-0.33389570029560794,51.55293321918369,office,0,3
-1,-0.30123133160350296,51.568933639654404,house,0,9
-1,-0.3044267276857684,51.582199264470496,house,0,5
-1,-0.2798186651156779,51.58007752481389,house,0,4
-1,-0.2888327767634198,51.580289286729595,house,0,5
-1,-0.26650288790074994,51.58255915869414,house,0,1
-1,-0.2948376291062185,51.56548802100186,house,0,2
-1,-0.28469589269328077,51.55198340478405,house,0,4
-1,-0.26921749455925476,51.60065211560139,house,0,2
-1,-0.3041774516601922,51.58969311140821,house,0,1
-1,-0.3041774516601922,51.58969311140821,house,0,2
-1,-0.2925200028141973,51.59372604812186,house,0,5
-1,-0.2925200028141973,51.59372604812186,house,0,4
-1,-0.2933125511812425,51.588074303771045,house,0,3
-1,-0.2594360696239472,51.58492965736717,house,0,3
-1,-0.3141355914471775,51.582866915705324,house,0,1
-1,-0.196014803015222,51.54119216342523,house,0,4
-1,-0.196014803015222,51.54119216342523,house,0,7
-1,-0.21654182547336653,51.55536529646931,house,0,4
-1,-0.21654182547336653,51.55536529646931,house,0,1
-1,-0.21654182547336653,51.55536529646931,house,0,1
-1,-0.20972754940431151,51.55146974148601,house,0,3
-1,-0.22051818770745665,51.53282226300813,house,0,2
-1,-0.2217009347443465,51.53163384379068,house,0,3
-1,-0.21490842125561863,51.54780102146387,house,0,4
-1,-0.21490842125561863,51.54780102146387,house,0,3
-1,-0.21404634919302135,51.545406885518744,house,0,1
-1,-0.26090009379082385,51.54603451891565,house,0,2
-1,-0.2419316772345607,51.53553344440311,house,0,5
-1,-0.2419316772345607,51.53553344440311,house,0,5
-1,-0.2760264312192667,51.54985307432253,house,0,5
-1,-0.2733892749635704,51.548611273940196,house,0,7
-1,-0.28359534256114194,51.5520189444829,house,0,7
-1,-0.2024660969420197,51.544991943386584,house,0,5
-1,-0.19304568164833083,51.52715093208289,house,0,4
-1,-0.21040157870261647,51.530680825867925,house,0,9
0,-0.26385864581626084,51.559853127702446,office,0,5
0,-0.2677806903657172,51.55388023449992,office,0,7
0,-0.3108268978412255,51.575929015112486,house,0,4
0,-0.3044267276857684,51.582199264470496,house,0,3
0,-0.26650288790074994,51.58255915869414,house,0,2
0,-0.31851195783232644,51.559324606747396,house,0,6
0,-0.2921905742417286,51.55098520320828,house,0,2
0,-0.3163245607214978,51.54835702926727,house,0,6
0,-0.3041774516601922,51.58969311140821,house,0,4
0,-0.26145479362893365,51.5900806732466,house,0,2
0,-0.26145479362893365,51.5900806732466,house,0,6
0,-0.31769366427828205,51.57982411605841,house,0,4
0,-0.2216730961063848,51.56758278575867,house,0,3
0,-0.21654182547336653,51.55536529646931,house,0,8
0,-0.21404634919302135,51.545406885518744,house,0,1
0,-0.2760264312192667,51.54985307432253,house,0,6
0,-0.28359534256114194,51.5520189444829,house,0,3
0,-0.21124841728189678,51.54465686531782,house,0,3
0,-0.20182868444695864,51.54267591387834,house,0,7
0,-0.2613353448776535,51.560550952006,traffic,0,4
0,-0.2687873533406331,51.57332135388149,traffic,0,5
0,-0.30295079220079735,51.55098441756174,traffic,0,2
0,-0.30257266646642017,51.548945126955054,traffic,0,6
0,-0.3168180300360423,51.549982151642006,traffic,0,1
0,-0.31986192780900785,51.55033290052063,traffic,0,6
0,-0.24195315522644242,51.56621620810393,traffic,0,3
0,-0.2261778981750018,51.54960230647707,traffic,0,5
0,-0.2544400078016796,51.53935907378022,traffic,0,5
1,-0.32300279109487157,51.56542334115507,office,0,5
1,-0.22061966456110885,51.54237799782441,office,0,3
1,-0.29969274741874014,51.535614513234556,office,0,2
1,-0.3108268978412255,51.575929015112486,house,0,3
1,-0.3035208410385119,51.5763998776985,house,0,5
1,-0.3035208410385119,51.5763998776985,house,0,4
1,-0.25571603426924383,51.57379291890334,house,0,1
1,-0.26650288790074994,51.58255915869414,house,0,7
1,-0.3075569224159393,51.55672309323414,house,0,11
1,-0.3179457576134935,51.555214206337745,house,0,3
1,-0.3179457576134935,51.555214206337745,house,0,3
1,-0.3179457576134935,51.555214206337745,house,0,7
1,-0.29244480977084114,51.560211296287115,house,0,2
1,-0.30805496834147933,51.55034389302015,house,0,2
1,-0.3163245607214978,51.54835702926727,house,0,4
1,-0.2538420359490576,51.591023314240466,house,0,7
1,-0.2538420359490576,51.591023314240466,house,0,2
1,-0.2943323977894082,51.59273323509564,house,0,4
1,-0.2943323977894082,51.59273323509564,house,0,3
1,-0.27741438502170623,51.59443267830775,house,0,4
1,-0.27021308310181735,51.59630422531391,house,0,6
1,-0.252726462455568,51.58683645448265,house,0,10
1,-0.2561958324770427,51.58889885604332,house,0,7
1,-0.3207250890655842,51.57883129991809,house,0,7
1,-0.2183241470795067,51.556009198042055,house,0,1
1,-0.21552671726637107,51.553756506888114,house,0,3
1,-0.21552671726637107,51.553756506888114,house,0,2
1,-0.22193990477037212,51.55152879814815,house,0,5
1,-0.2275994365248423,51.56251530635462,house,0,5
1,-0.2201159229749666,51.54857141549307,house,0,2
1,-0.22034265293809763,51.53966137168163,house,0,6
1,-0.22034265293809763,51.53966137168163,house,0,4
1,-0.2188815986245813,51.544202404036824,house,0,2
1,-0.2188815986245813,51.544202404036824,house,0,1
1,-0.21745204463283765,51.547142618622324,house,0,1
1,-0.21745204463283765,51.547142618622324,house,0,4
1,-0.2575714360862865,51.537604939791535,house,0,4
1,-0.2419316772345607,51.53553344440311,house,0,3
1,-0.2427200329415503,51.5398537342592,house,0,7
1,-0.2427200329415503,51.5398537342592,house,0,3
1,-0.23191334297792374,51.55471005913185,house,0,4
1,-0.28359534256114194,51.5520189444829,house,0,5
1,-0.21299231568197954,51.54506945075281,house,0,2
1,-0.19304568164833083,51.52715093208289,house,0,1
1,-0.2835348344440909,51.5359780593191,traffic,0,1
1,-0.25987929437599266,51.560236718718976,traffic,0,2
1,-0.2413360329632092,51.57586239036549,traffic,0,6
1,-0.2786753158872179,51.567359283081196,traffic,0,4
1,-0.30698413821871395,51.550318125726136,traffic,0,4
1,-0.2534511602091621,51.58995241442035,traffic,0,3
1,-0.207503091128097,51.553705452395704,traffic,0,5
1,-0.22633550490845847,51.555786951077955,traffic,0,5
1,-0.23068836379649646,51.552733856820225,traffic,0,4
1,-0.3086924552418152,51.547309749896854,traffic,0,2
2,-0.21073562985992322,51.52926787292077,school,0,3
2,-0.22323933007091254,51.53474266533733,office,0,8
2,-0.3100573552469769,51.58342832399687,office,0,3
2,-0.24271447074137908,51.55884110327392,office,0,3
2,-0.3140775192795953,51.55636589347468,office,0,6
2,-0.30459826619195074,51.56871798300173,house,0,9
2,-0.3044267276857684,51.582199264470496,house,0,1
2,-0.2934718746184363,51.57553199720376,house,0,4
2,-0.2835348344440909,51.5359780593191,house,0,5
2,-0.26062159931394374,51.56981842442679,house,0,3
2,-0.26062159931394374,51.56981842442679,house,0,3
2,-0.25831443467321735,51.57235794139123,house,0,1
2,-0.28399059639055774,51.570920786438954,house,0,4
2,-0.28399059639055774,51.570920786438954,house,0,6
2,-0.28399059639055774,51.570920786438954,house,0,4
2,-0.28586109105377616,51.570816285747405,house,0,5
2,-0.3179457576134935,51.555214206337745,house,0,5
2,-0.2937304949404038,51.56031423509638,house,0,2
2,-0.2940216920394307,51.5620957496958,house,0,5
2,-0.30295079220079735,51.55098441756174,house,0,4
2,-0.2921905742417286,51.55098520320828,house,0,10
2,-0.28469589269328077,51.55198340478405,house,0,3
2,-0.2715027397883062,51.600320757974735,house,0,2
2,-0.2715027397883062,51.600320757974735,house,0,5
2,-0.2538420359490576,51.591023314240466,house,0,10
2,-0.27613468340545383,51.58841676812102,house,0,8
2,-0.27613468340545383,51.58841676812102,house,0,4
2,-0.27655130431698893,51.58766225894039,house,0,3
2,-0.27797007889998004,51.587721913699895,house,0,3
2,-0.27094395670305577,51.589068207084054,house,0,2
2,-0.20259270289512812,51.54971415957864,house,0,5
2,-0.20259270289512812,51.54971415957864,house,0,4
2,-0.20259270289512812,51.54971415957864,house,0,5
2,-0.20972754940431151,51.55146974148601,house,0,5
2,-0.23485101706388295,51.56281349312092,house,0,2
2,-0.22536452185569625,51.549202777156545,house,0,2
2,-0.2427200329415503,51.5398537342592,house,0,3
2,-0.23191334297792374,51.55471005913185,house,0,3
2,-0.2760264312192667,51.54985307432253,house,0,7
2,-0.2707218887647684,51.550054578904344,house,0,2
2,-0.2707218887647684,51.550054578904344,house,0,2
2,-0.2707218887647684,51.550054578904344,house,0,5
2,-0.20474096151914759,51.54534179297051,house,0,4
2,-0.20182868444695864,51.54267591387834,house,0,3
2,-0.2052535004857622,51.530428828867755,house,0,8
2,-0.2535973232089604,51.5817390124206,house,0,7
2,-0.2901954677554308,51.57458610109311,traffic,0,4
2,-0.2857543084828928,51.533197733837795,traffic,0,1
2,-0.2993286203796586,51.558480617654304,traffic,0,4
2,-0.28121040782153556,51.59264003933615,traffic,0,6
2,-0.21700175114690565,51.52951280396277,traffic,0,8
3,-0.27068539101121447,51.55022929002662,office,0,5
3,-0.3277446098231412,51.553398861460124,office,0,3
3,-0.22072883168354981,51.5462394025594,office,0,1
3,-0.2823087129539729,51.589015839219556,office,0,3
3,-0.2934718746184363,51.57553199720376,house,0,4
3,-0.2835348344440909,51.5359780593191,house,0,4
3,-0.29969274741874014,51.535614513234556,house,0,5
3,-0.29969274741874014,51.535614513234556,house,0,3
3,-0.25831443467321735,51.57235794139123,house,0,9
3,-0.25831443467321735,51.57235794139123,house,0,9
3,-0.26682560706819514,51.56769327775492,house,0,6
3,-0.28657837212588144,51.583101500679675,house,0,8
3,-0.324031214484593,51.5631073677958,house,0,2
3,-0.31291858842663606,51.569518619887674,house,0,2
3,-0.31187332807381757,51.54979051720085,house,0,5
3,-0.30295079220079735,51.55098441756174,house,0,2
3,-0.2867118666349688,51.55070662317213,house,0,5
3,-0.28414110981420393,51.5502388942325,house,0,5
3,-0.28469589269328077,51.55198340478405,house,0,4
3,-0.3003007691770552,51.590595659825524,house,0,5
3,-0.27613468340545383,51.58841676812102,house,0,2
3,-0.27613468340545383,51.58841676812102,house,0,4
3,-0.27094395670305577,51.589068207084054,house,0,1
3,-0.31522909995999154,51.5865873930379,house,0,6
3,-0.31522909995999154,51.5865873930379,house,0,8
3,-0.2038989406293634,51.55068355564788,house,0,5
3,-0.19023224256415402,51.54081021954579,house,0,1
3,-0.232132116063999,51.56065612610512,house,0,5
3,-0.2428463705152429,51.56659988336613,house,0,1
3,-0.2199381943076817,51.53195028224693,house,0,5
3,-0.2201159229749666,51.54857141549307,house,0,4
3,-0.2188815986245813,51.544202404036824,house,0,5
3,-0.22605135984997327,51.538748096618,house,0,2
3,-0.21745204463283765,51.547142618622324,house,0,6
3,-0.21749163433196178,51.54561325008404,house,0,5
3,-0.21749163433196178,51.54561325008404,house,0,5
3,-0.2455335630597189,51.534399948372986,house,0,4
3,-0.2455335630597189,51.534399948372986,house,0,3
3,-0.21696163889227163,51.53011364409483,house,0,5
3,-0.21696163889227163,51.53011364409483,house,0,5
3,-0.33389570029560794,51.55293321918369,house,0,6
3,-0.3086924552418152,51.547309749896854,house,0,2
3,-0.3086924552418152,51.547309749896854,house,0,5
3,-0.3086924552418152,51.547309749896854,house,0,1
3,-0.19304568164833083,51.52715093208289,house,0,5
3,-0.19307783660194014,51.52768588629338,house,0,1
3,-0.19307783660194014,51.52768588629338,house,0,3
3,-0.289889921546993,51.53363288905178,traffic,0,6
3,-0.2768639051408003,51.581962164823345,traffic,0,3
3,-0.2669468948915619,51.59028502510779,traffic,0,5
3,-0.2084252051868856,51.54995223089534,traffic,0,2
3,-0.22826040851778107,51.562463220499644,traffic,0,5
4,-0.29731326071389236,51.572116383841646,office,0,4
4,-0.2456646336515821,51.56049713578714,office,0,9
4,-0.22252994336018536,51.540767067711705,office,0,3
4,-0.24044286439468207,51.57520674565619,house,0,7
4,-0.24044286439468207,51.57520674565619,house,0,4
4,-0.2613353448776535,51.560550952006,house,0,5
4,-0.26682560706819514,51.56769327775492,house,0,4
4,-0.3223024042685899,51.55865262064957,house,0,1
4,-0.31187332807381757,51.54979051720085,house,0,2
4,-0.26838437142897187,51.59526453691886,house,0,5
4,-0.3003007691770552,51.590595659825524,house,0,2
4,-0.2932883277994855,51.59363972876911,house,0,5
4,-0.2943323977894082,51.59273323509564,house,0,5
4,-0.2798254327908714,51.591900907351,house,0,4
4,-0.2561958324770427,51.58889885604332,house,0,1
4,-0.2561958324770427,51.58889885604332,house,0,4
4,-0.2038989406293634,51.55068355564788,house,0,1
4,-0.2038989406293634,51.55068355564788,house,0,3
4,-0.2038989406293634,51.55068355564788,house,0,4
4,-0.19501758596675475,51.54173155591042,house,0,2
4,-0.24270113632044057,51.56527406412625,house,0,1
4,-0.24270113632044057,51.56527406412625,house,0,4
4,-0.21250315868777306,51.543242061779786,house,0,5
4,-0.21250315868777306,51.543242061779786,house,0,6
4,-0.2246946849563286,51.53209513330411,house,0,2
4,-0.2188815986245813,51.544202404036824,house,0,1
4,-0.21749163433196178,51.54561325008404,house,0,5
4,-0.260248734758961,51.53881482256007,house,0,6
4,-0.26549728514262844,51.54186995494971,house,0,5
4,-0.25444919727335286,51.549942581701806,house,0,4
4,-0.2173422318865217,51.52921681670751,house,0,3
4,-0.2316196223846813,51.54420903176318,house,0,2
4,-0.23376054902794186,51.545058107003676,house,0,1
4,-0.33389570029560794,51.55293321918369,house,0,5
4,-0.27795940262823593,51.551036856537316,house,0,4
4,-0.3086924552418152,51.547309749896854,house,0,1
4,-0.3086924552418152,51.547309749896854,house,0,7
4,-0.20474096151914759,51.54534179297051,house,0,5
4,-0.2499873937369449,51.583000014584364,house,0,5
4,-0.2907891194006305,51.5734358117588,traffic,0,6
4,-0.3104785032704815,51.53253988036751,traffic,0,3
4,-0.2832776189306708,51.573011605472864,traffic,0,5
4,-0.28391123349077935,51.56701095420521,traffic,0,3
4,-0.22905820071561672,51.55248964778743,traffic,0,4
4,-0.3275059888932584,51.553487125590614,traffic,0,5
4,-0.21389287706044074,51.52890818290146,traffic,0,3
5,-0.2433013866289173,51.565879922851025,leisure,0,6
5,-0.1947169702314511,51.53457982531212,office,0,3
5,-0.24361999417684568,51.53599764335179,office,0,5
5,-0.1932090315311299,51.52705917266552,office,0,7
5,-0.30912884881510533,51.57750260965364,office,0,3
5,-0.2857543084828928,51.533197733837795,house,0,2
5,-0.24044286439468207,51.57520674565619,house,0,4
5,-0.24044286439468207,51.57520674565619,house,0,3
5,-0.26385864581626084,51.559853127702446,house,0,3
5,-0.26682560706819514,51.56769327775492,house,0,3
5,-0.324031214484593,51.5631073677958,house,0,1
5,-0.2937304949404038,51.56031423509638,house,0,6
5,-0.30698413821871395,51.550318125726136,house,0,3
5,-0.30295079220079735,51.55098441756174,house,0,3
5,-0.26838437142897187,51.59526453691886,house,0,5
5,-0.2947920377272043,51.592558033941174,house,0,4
5,-0.2845974820336351,51.596583580074714,house,0,3
5,-0.27613468340545383,51.58841676812102,house,0,4
5,-0.27797007889998004,51.587721913699895,house,0,6
5,-0.3100573552469769,51.58342832399687,house,0,5
5,-0.3207250890655842,51.57883129991809,house,0,4
5,-0.3165222999031311,51.57914274628727,house,0,2
5,-0.2084252051868856,51.54995223089534,house,0,4
5,-0.232132116063999,51.56065612610512,house,0,1
5,-0.2261778981750018,51.54960230647707,house,0,8
5,-0.22061966456110885,51.54237799782441,house,0,3
5,-0.22072883168354981,51.5462394025594,house,0,4
5,-0.22072883168354981,51.5462394025594,house,0,3
5,-0.2173422318865217,51.52921681670751,house,0,2
5,-0.22333706975721113,51.53004139043034,house,0,9
5,-0.23068836379649646,51.552733856820225,house,0,4
5,-0.2707218887647684,51.550054578904344,house,0,6
5,-0.2069439243918464,51.53237489191821,house,0,4
5,-0.20703974120035468,51.529984432804184,house,0,6
5,-0.20703974120035468,51.529984432804184,house,0,6
5,-0.20703974120035468,51.529984432804184,house,0,3
5,-0.3138037820593273,51.555478235631924,traffic,0,2
5,-0.2141515617851803,51.55337992220114,traffic,0,1
5,-0.21487974129127926,51.54748057329828,traffic,0,6
6,-0.2738052092344496,51.59363071964805,office,0,6
6,-0.2853335442046795,51.58486206593415,office,0,10
6,-0.22036488946359586,51.5468012929952,office,0,4
6,-0.26385864581626084,51.559853127702446,house,0,4
6,-0.29969274741874014,51.535614513234556,house,0,9
6,-0.29969274741874014,51.535614513234556,house,0,2
6,-0.3179457576134935,51.555214206337745,house,0,2
6,-0.2993286203796586,51.558480617654304,house,0,6
6,-0.31986192780900785,51.55033290052063,house,0,4
6,-0.2823087129539729,51.589015839219556,house,0,3
6,-0.2823087129539729,51.589015839219556,house,0,8
6,-0.207503091128097,51.553705452395704,house,0,1
6,-0.2084252051868856,51.54995223089534,house,0,2
6,-0.2168938060627189,51.537162314243815,house,0,5
6,-0.2584355038409532,51.54252413252387,house,0,3
6,-0.2544400078016796,51.53935907378022,house,0,4
6,-0.22333706975721113,51.53004139043034,house,0,5
6,-0.22633550490845847,51.555786951077955,house,0,3
6,-0.21073562985992322,51.52926787292077,house,0,6
6,-0.28676263423069537,51.56077132166181,traffic,0,1
6,-0.2956227048565752,51.54523437704883,traffic,0,2
6,-0.2822760093485201,51.594895381664976,traffic,0,7
7,-0.24726199973336319,51.56070205785539,office,0,4
7,-0.25070868643968586,51.587959012252945,office,0,2
7,-0.2857543084828928,51.533197733837795,house,0,4
7,-0.3104785032704815,51.53253988036751,house,0,3
7,-0.3104785032704815,51.53253988036751,house,0,6
7,-0.25987929437599266,51.560236718718976,house,0,3
7,-0.2677806903657172,51.55388023449992,house,0,3
7,-0.2413360329632092,51.57586239036549,house,0,1
7,-0.2768639051408003,51.581962164823345,house,0,4
7,-0.3138037820593273,51.555478235631924,house,0,2
7,-0.28676263423069537,51.56077132166181,house,0,3
7,-0.2940216920394307,51.5620957496958,house,0,2
7,-0.31986192780900785,51.55033290052063,house,0,7
7,-0.2932883277994855,51.59363972876911,house,0,5
7,-0.27655130431698893,51.58766225894039,house,0,3
7,-0.207503091128097,51.553705452395704,house,0,2
7,-0.2084252051868856,51.54995223089534,house,0,5
7,-0.24363759898213214,51.55780702779599,house,0,2
7,-0.24363759898213214,51.55780702779599,house,0,1
7,-0.232132116063999,51.56065612610512,house,0,4
7,-0.22252994336018536,51.540767067711705,house,0,5
7,-0.21749163433196178,51.54561325008404,house,0,6
7,-0.2544400078016796,51.53935907378022,house,0,3
7,-0.22633550490845847,51.555786951077955,house,0,8
7,-0.21389287706044074,51.52890818290146,house,0,6
7,-0.2647590954109945,51.55185102954553,traffic,0,7
7,-0.3126171242647056,51.55600058868374,traffic,0,4
7,-0.25850859299919393,51.581500018280316,traffic,0,4
8,-0.28378647597776696,51.531595903720095,school,0,3
8,-0.24514445122966838,51.55933671451874,office,0,1
8,-0.2285317634581384,51.538265562873235,office,0,4
8,-0.30912884881510533,51.57750260965364,house,0,3
8,-0.30912884881510533,51.57750260965364,house,0,5
8,-0.24044286439468207,51.57520674565619,house,0,1
8,-0.29969274741874014,51.535614513234556,house,0,3
8,-0.28391123349077935,51.56701095420521,house,0,4
8,-0.2768639051408003,51.581962164823345,house,0,4
8,-0.3138037820593273,51.555478235631924,house,0,4
8,-0.28676263423069537,51.56077132166181,house,0,5
8,-0.2924372933446305,51.563782446627805,house,0,2
8,-0.3003007691770552,51.590595659825524,house,0,2
8,-0.3100573552469769,51.58342832399687,house,0,4
8,-0.2141515617851803,51.55337992220114,house,0,7
8,-0.2084252051868856,51.54995223089534,house,0,5
8,-0.2084252051868856,51.54995223089534,house,0,4
8,-0.2199381943076817,51.53195028224693,house,0,4
8,-0.22252994336018536,51.540767067711705,house,0,5
8,-0.25444919727335286,51.549942581701806,house,0,4
8,-0.21696163889227163,51.53011364409483,house,0,1
8,-0.22905820071561672,51.55248964778743,house,0,3
8,-0.22905820071561672,51.55248964778743,house,0,3
8,-0.22905820071561672,51.55248964778743,house,0,6
8,-0.22905820071561672,51.55248964778743,house,0,7
8,-0.1947169702314511,51.53457982531212,house,0,4
8,-0.20474096151914759,51.54534179297051,house,0,3
8,-0.2069439243918464,51.53237489191821,house,0,7
8,-0.20703974120035468,51.529984432804184,house,0,3
8,-0.2678004854546996,51.56322056904404,traffic,0,7
8,-0.26876533493859195,51.572389482186324,traffic,0,3
8,-0.22039371159883614,51.55836267059613,traffic,0,3
8,-0.2112613254052186,51.54113426476384,traffic,0,1
8,-0.19242680670028345,51.53241552346999,traffic,0,4
9,-0.22611448000266712,51.53363435173432,office,0,7
9,-0.32081466473010767,51.5560756451329,office,0,3
9,-0.29731326071389236,51.572116383841646,house,0,2
9,-0.26385864581626084,51.559853127702446,house,0,8
9,-0.2832776189306708,51.573011605472864,house,0,4
9,-0.3138037820593273,51.555478235631924,house,0,6
9,-0.3138037820593273,51.555478235631924,house,0,2
9,-0.2956227048565752,51.54523437704883,house,0,5
9,-0.25070868643968586,51.587959012252945,house,0,1
9,-0.28121040782153556,51.59264003933615,house,0,5
9,-0.207503091128097,51.553705452395704,house,0,2
9,-0.24363759898213214,51.55780702779599,house,0,2
9,-0.24363759898213214,51.55780702779599,house,0,3
9,-0.2112613254052186,51.54113426476384,house,0,6
9,-0.22252994336018536,51.540767067711705,house,0,3
9,-0.22072883168354981,51.5462394025594,house,0,5
9,-0.26549728514262844,51.54186995494971,house,0,5
9,-0.22905820071561672,51.55248964778743,house,0,5
9,-0.22633550490845847,51.555786951077955,house,0,3
9,-0.22633550490845847,51.555786951077955,house,0,11
9,-0.33389570029560794,51.55293321918369,house,0,2
9,-0.27068539101121447,51.55022929002662,house,0,2
9,-0.3275059888932584,51.553487125590614,house,0,5
9,-0.31129009395621277,51.55698541457327,traffic,0,3
9,-0.28579765012242037,51.55259068948538,traffic,0,1
9,-0.32609525130277,51.55230479485768,traffic,0,4
9,-0.3277114930392234,51.56404728359951,traffic,0,4
9,-0.3288566142598351,51.56448563092092,traffic,0,5
9,-0.2781300771339287,51.593600060202164,traffic,0,2
9,-0.24298750789080995,51.56754394172885,traffic,0,2
9,-0.2656218880476997,51.54553401082865,traffic,0,5
9,-0.24828116165657316,51.54548184741548,traffic,0,1
10,-0.24855720712769583,51.5885891508608,office,0,3
10,-0.28762706961812856,51.5580919302593,office,0,1
10,-0.2857543084828928,51.533197733837795,house,0,4
10,-0.2413360329632092,51.57586239036549,house,0,7
10,-0.2687873533406331,51.57332135388149,house,0,4
10,-0.29360783370408994,51.55997096234896,house,0,6
10,-0.2956227048565752,51.54523437704883,house,0,2
10,-0.28579765012242037,51.55259068948538,house,0,2
10,-0.28579765012242037,51.55259068948538,house,0,5
10,-0.25070868643968586,51.587959012252945,house,0,6
10,-0.28121040782153556,51.59264003933615,house,0,4
10,-0.2669468948915619,51.59028502510779,house,0,3
10,-0.2669468948915619,51.59028502510779,house,0,2
10,-0.3165222999031311,51.57914274628727,house,0,3
10,-0.22826040851778107,51.562463220499644,house,0,6
10,-0.24514445122966838,51.55933671451874,house,0,3
10,-0.24514445122966838,51.55933671451874,house,0,5
10,-0.22323933007091254,51.53474266533733,house,0,5
10,-0.22036488946359586,51.5468012929952,house,0,2
10,-0.24828116165657316,51.54548184741548,house,0,5
10,-0.22905820071561672,51.55248964778743,house,0,3
10,-0.2069439243918464,51.53237489191821,house,0,4
10,-0.28807894698940395,51.56742500697987,traffic,0,4
10,-0.29164230557065585,51.54179357683694,traffic,0,1
10,-0.29429473265312617,51.567037188392604,traffic,0,4
10,-0.23527283983265126,51.535378108833825,traffic,0,3
11,-0.2531566954402717,51.54334137861624,office,0,3
11,-0.29731326071389236,51.572116383841646,house,0,3
11,-0.29731326071389236,51.572116383841646,house,0,8
11,-0.29731326071389236,51.572116383841646,house,0,6
11,-0.30912884881510533,51.57750260965364,house,0,3
11,-0.30912884881510533,51.57750260965364,house,0,2
11,-0.30912884881510533,51.57750260965364,house,0,3
11,-0.29164230557065585,51.54179357683694,house,0,6
11,-0.29164230557065585,51.54179357683694,house,0,7
11,-0.29164230557065585,51.54179357683694,house,0,6
11,-0.26876533493859195,51.572389482186324,house,0,2
11,-0.28657837212588144,51.583101500679675,house,0,3
11,-0.3126171242647056,51.55600058868374,house,0,1
11,-0.3138037820593273,51.555478235631924,house,0,6
11,-0.28762706961812856,51.5580919302593,house,0,2
11,-0.28676263423069537,51.56077132166181,house,0,5
11,-0.2993286203796586,51.558480617654304,house,0,2
11,-0.2956227048565752,51.54523437704883,house,0,2
11,-0.2781300771339287,51.593600060202164,house,0,5
11,-0.252726462455568,51.58683645448265,house,0,5
11,-0.24298750789080995,51.56754394172885,house,0,3
11,-0.2433013866289173,51.565879922851025,house,0,1
11,-0.24514445122966838,51.55933671451874,house,0,6
11,-0.21700175114690565,51.52951280396277,house,0,4
11,-0.21700175114690565,51.52951280396277,house,0,4
11,-0.1947169702314511,51.53457982531212,house,0,3
11,-0.31426105366685003,51.5685248886048,traffic,0,5
11,-0.2879913027893571,51.59621509215673,traffic,0,6
11,-0.2479243946964951,51.5836626509489,traffic,0,6
12,-0.2907891194006305,51.5734358117588,house,0,6
12,-0.26876533493859195,51.572389482186324,house,0,2
12,-0.31129009395621277,51.55698541457327,house,0,4
12,-0.32081466473010767,51.5560756451329,house,0,7
12,-0.2669468948915619,51.59028502510779,house,0,4
12,-0.22039371159883614,51.55836267059613,house,0,5
12,-0.22039371159883614,51.55836267059613,house,0,6
12,-0.2141515617851803,51.55337992220114,house,0,3
12,-0.24298750789080995,51.56754394172885,house,0,5
12,-0.24298750789080995,51.56754394172885,house,0,5
12,-0.2285317634581384,51.538265562873235,house,0,4
12,-0.21487974129127926,51.54748057329828,house,0,9
12,-0.19242680670028345,51.53241552346999,house,0,5
12,-0.3056759225366176,51.583273859292746,traffic,0,2
12,-0.28241237755005394,51.5345376320133,traffic,0,6
12,-0.27158352831368154,51.54832785493047,traffic,0,2
12,-0.2547646180784884,51.57540380435693,traffic,0,3
12,-0.2690891039756149,51.565530420997,traffic,0,3
12,-0.28420548660719297,51.56048919157144,traffic,0,5
12,-0.25305677819832145,51.593177804837104,traffic,0,2
13,-0.2196230721572165,51.54612400405192,leisure,0,7
13,-0.2944888393492735,51.57604042896919,office,0,5
13,-0.3001733480160954,51.56153733213217,office,0,2
13,-0.29343047561694424,51.548550403122015,office,0,6
13,-0.2281834757971972,51.536120501533645,office,0,1
13,-0.2362571831526635,51.5459917029515,office,0,2
13,-0.2896969802488914,51.56858415572506,office,0,2
13,-0.2508967724189378,51.54091205418212,office,0,6
13,-0.29164230557065585,51.54179357683694,house,0,3
13,-0.29164230557065585,51.54179357683694,house,0,2
13,-0.3126171242647056,51.55600058868374,house,0,4
13,-0.28762706961812856,51.5580919302593,house,0,7
13,-0.32609525130277,51.55230479485768,house,0,6
13,-0.32609525130277,51.55230479485768,house,0,5
13,-0.3277114930392234,51.56404728359951,house,0,3
13,-0.3277114930392234,51.56404728359951,house,0,3
13,-0.2822760093485201,51.594895381664976,house,0,6
13,-0.2738052092344496,51.59363071964805,house,0,3
13,-0.2433013866289173,51.565879922851025,house,0,8
13,-0.23527283983265126,51.535378108833825,house,0,4
13,-0.1947169702314511,51.53457982531212,house,0,2
13,-0.1932090315311299,51.52705917266552,house,0,1
13,-0.1932090315311299,51.52705917266552,house,0,1
13,-0.2630441582549475,51.56373524643245,traffic,0,2
13,-0.2374503003940377,51.56484819435713,traffic,0,3
13,-0.24653607771768937,51.55912129777134,traffic,0,2
13,-0.2051343233072223,51.533232518623386,traffic,0,2
14,-0.2649735050793153,51.58030468754027,office,0,4
14,-0.21712177577424357,51.55061566643217,office,0,4
14,-0.2916650738425857,51.58123859282457,office,0,4
14,-0.28807894698940395,51.56742500697987,house,0,1
14,-0.3056759225366176,51.583273859292746,house,0,2
14,-0.3126171242647056,51.55600058868374,house,0,1
14,-0.31129009395621277,51.55698541457327,house,0,7
14,-0.32081466473010767,51.5560756451329,house,0,5
14,-0.28762706961812856,51.5580919302593,house,0,3
14,-0.3277114930392234,51.56404728359951,house,0,4
14,-0.25305677819832145,51.593177804837104,house,0,1
14,-0.2112613254052186,51.54113426476384,house,0,6
14,-0.2199381943076817,51.53195028224693,house,0,7
14,-0.23527283983265126,51.535378108833825,house,0,5
14,-0.2281834757971972,51.536120501533645,house,0,4
14,-0.2281834757971972,51.536120501533645,house,0,4
14,-0.2281834757971972,51.536120501533645,house,0,4
14,-0.2531566954402717,51.54334137861624,house,0,1
14,-0.25850859299919393,51.581500018280316,house,0,2
14,-0.19242680670028345,51.53241552346999,house,0,6
14,-0.29857723921882745,51.58199049852316,traffic,0,2
14,-0.3140552246020024,51.58217873903095,traffic,0,2
14,-0.23184244214109043,51.533744016719304,traffic,0,1
15,-0.28807894698940395,51.56742500697987,house,0,5
15,-0.28807894698940395,51.56742500697987,house,0,2
15,-0.2896969802488914,51.56858415572506,house,0,5
15,-0.2896969802488914,51.56858415572506,house,0,2
15,-0.3056759225366176,51.583273859292746,house,0,3
15,-0.2907891194006305,51.5734358117588,house,0,5
15,-0.28378647597776696,51.531595903720095,house,0,2
15,-0.2630441582549475,51.56373524643245,house,0,3
15,-0.2630441582549475,51.56373524643245,house,0,5
15,-0.29164230557065585,51.54179357683694,house,0,2
15,-0.2547646180784884,51.57540380435693,house,0,5
15,-0.2547646180784884,51.57540380435693,house,0,7
15,-0.2690891039756149,51.565530420997,house,0,4
15,-0.2690891039756149,51.565530420997,house,0,2
15,-0.3001733480160954,51.56153733213217,house,0,4
15,-0.3288566142598351,51.56448563092092,house,0,4
15,-0.2362571831526635,51.5459917029515,house,0,2
15,-0.24828116165657316,51.54548184741548,house,0,1
15,-0.23527283983265126,51.535378108833825,house,0,3
15,-0.2531566954402717,51.54334137861624,house,0,3
15,-0.21700175114690565,51.52951280396277,house,0,4
15,-0.3066951302820844,51.581673202819864,traffic,0,4
16,-0.24768043475555998,51.54303198535996,shopping,0,4
16,-0.25133571632454893,51.5580026327543,shopping,0,5
16,-0.2896969802488914,51.56858415572506,house,0,2
16,-0.3056759225366176,51.583273859292746,house,0,5
16,-0.2630441582549475,51.56373524643245,house,0,4
16,-0.2678004854546996,51.56322056904404,house,0,5
16,-0.27158352831368154,51.54832785493047,house,0,8
16,-0.27158352831368154,51.54832785493047,house,0,5
16,-0.2690891039756149,51.565530420997,house,0,4
16,-0.2690891039756149,51.565530420997,house,0,1
16,-0.2853335442046795,51.58486206593415,house,0,3
16,-0.29857723921882745,51.58199049852316,house,0,4
16,-0.31426105366685003,51.5685248886048,house,0,5
16,-0.31426105366685003,51.5685248886048,house,0,4
16,-0.31426105366685003,51.5685248886048,house,0,4
16,-0.3001733480160954,51.56153733213217,house,0,1
16,-0.3277114930392234,51.56404728359951,house,0,3
16,-0.3288566142598351,51.56448563092092,house,0,4
16,-0.25305677819832145,51.593177804837104,house,0,7
16,-0.25305677819832145,51.593177804837104,house,0,3
16,-0.22826040851778107,51.562463220499644,house,0,4
16,-0.2285317634581384,51.538265562873235,house,0,5
16,-0.22611448000266712,51.53363435173432,house,0,4
16,-0.23184244214109043,51.533744016719304,house,0,4
16,-0.23184244214109043,51.533744016719304,house,0,4
16,-0.2051343233072223,51.533232518623386,house,0,5
16,-0.31880006397420046,51.55979821455654,traffic,0,2
16,-0.31940069998749876,51.566741809814744,traffic,0,3
16,-0.3089401632255554,51.569125450200445,traffic,0,6
16,-0.2114210823397262,51.54368950731124,traffic,0,8
16,-0.25586152458561046,51.5375492240476,traffic,0,3
16,-0.30561861815145047,51.54122042356809,traffic,0,7
17,-0.2896969802488914,51.56858415572506,house,0,3
17,-0.2630441582549475,51.56373524643245,house,0,4
17,-0.2678004854546996,51.56322056904404,house,0,2
17,-0.31426105366685003,51.5685248886048,house,0,6
17,-0.31426105366685003,51.5685248886048,house,0,2
17,-0.3288566142598351,51.56448563092092,house,0,3
17,-0.25305677819832145,51.593177804837104,house,0,5
17,-0.24855720712769583,51.5885891508608,house,0,8
17,-0.2879913027893571,51.59621509215673,house,0,4
17,-0.2374503003940377,51.56484819435713,house,0,3
17,-0.24653607771768937,51.55912129777134,house,0,4
17,-0.2656218880476997,51.54553401082865,house,0,4
17,-0.2362571831526635,51.5459917029515,house,0,8
18,-0.28241237755005394,51.5345376320133,house,0,1
18,-0.2547646180784884,51.57540380435693,house,0,5
18,-0.2916650738425857,51.58123859282457,house,0,5
18,-0.2649735050793153,51.58030468754027,house,0,3
18,-0.31426105366685003,51.5685248886048,house,0,7
18,-0.3001733480160954,51.56153733213217,house,0,5
18,-0.21712177577424357,51.55061566643217,house,0,2
18,-0.3224907685101529,51.55730324011493,traffic,0,4
19,-0.20713553463749335,51.54796916901544,office,0,5
19,-0.2678004854546996,51.56322056904404,house,0,3
19,-0.31880006397420046,51.55979821455654,house,0,2
19,-0.29343047561694424,51.548550403122015,house,0,2
19,-0.32609525130277,51.55230479485768,house,0,2
19,-0.3288566142598351,51.56448563092092,house,0,5
19,-0.3140552246020024,51.58217873903095,house,0,2
19,-0.21712177577424357,51.55061566643217,house,0,6
19,-0.25586152458561046,51.5375492240476,house,0,3
19,-0.25586152458561046,51.5375492240476,house,0,6
19,-0.2508967724189378,51.54091205418212,house,0,6
19,-0.26345089584231784,51.53142382544397,traffic,0,4
20,-0.2625535027133575,51.54919321740492,office,0,6
20,-0.3066951302820844,51.581673202819864,house,0,4
20,-0.29857723921882745,51.58199049852316,house,0,5
20,-0.29857723921882745,51.58199049852316,house,0,3
20,-0.2781300771339287,51.593600060202164,house,0,6
20,-0.2374503003940377,51.56484819435713,house,0,7
20,-0.2196230721572165,51.54612400405192,house,0,2
20,-0.24768043475555998,51.54303198535996,house,0,7
20,-0.24768043475555998,51.54303198535996,house,0,1
20,-0.22611448000266712,51.53363435173432,house,0,1
20,-0.22611448000266712,51.53363435173432,house,0,3
21,-0.3066951302820844,51.581673202819864,house,0,2
21,-0.3066951302820844,51.581673202819864,house,0,1
21,-0.3066951302820844,51.581673202819864,house,0,3
21,-0.2916650738425857,51.58123859282457,house,0,3
21,-0.2916650738425857,51.58123859282457,house,0,4
21,-0.29343047561694424,51.548550403122015,house,0,6
21,-0.2879913027893571,51.59621509215673,house,0,5
21,-0.2822760093485201,51.594895381664976,house,0,3
21,-0.21487974129127926,51.54748057329828,house,0,9
21,-0.25586152458561046,51.5375492240476,house,0,5
22,-0.3224907685101529,51.55730324011493,house,0,2
22,-0.3089401632255554,51.569125450200445,house,0,8
22,-0.2879913027893571,51.59621509215673,house,0,2
22,-0.2196230721572165,51.54612400405192,house,0,6
23,-0.26345089584231784,51.53142382544397,house,0,5
23,-0.3224907685101529,51.55730324011493,house,0,2
23,-0.30561861815145047,51.54122042356809,house,0,4
23,-0.30561861815145047,51.54122042356809,house,0,2
23,-0.25133571632454893,51.5580026327543,house,0,4
24,-0.2916650738425857,51.58123859282457,house,0,5
24,-0.2114210823397262,51.54368950731124,house,0,3
25,-0.2508967724189378,51.54091205418212,house,0,3
26,-0.20713553463749335,51.54796916901544,house,0,2
26,-0.2508967724189378,51.54091205418212,house,0,2
28,-0.26345089584231784,51.53142382544397,house,0,3
29,-0.2585685097046253,51.588559384787246,traffic,0,6
30,-0.25916782528620536,51.57203681906337,hospital,0,3
33,-0.25916782528620536,51.57203681906337,house,0,3
33,-0.25916782528620536,51.57203681906337,house,0,3
36,-0.25916782528620536,51.57203681906337,house,0,4
36,-0.25916782528620536,51.57203681906337,house,0,4
42,-0.2837287592426806,51.5641416869564,traffic,0,7
45,-0.27628777510460517,51.59763132288433,traffic,0,4
47,-0.3267582866421372,51.55872633694799,traffic,0,9
48,-0.3000396419064117,51.55694095207556,traffic,0,5
49,-0.2837287592426806,51.5641416869564,house,0,6
49,-0.2837287592426806,51.5641416869564,house,0,7
49,-0.27628777510460517,51.59763132288433,house,0,6
